Source,Target,Type,Id,Label,Weight
jadefaulkner,emsmithgymnast,Directed,0,,1
jadefaulkner,lynnehutch94,Directed,1,,1
jadefaulkner,anniebarts,Directed,2,,1
jadefaulkner,gymnast_rachel,Directed,3,,1
jadefaulkner,jempin515,Directed,4,,1
emsmithgymnast,jadefaulkner,Directed,5,,1
emsmithgymnast,anniebarts,Directed,6,,1
emsmithgymnast,danusiafrancis,Directed,7,,1
emsmithgymnast,jempin515,Directed,8,,1
emsmithgymnast,hannahkwhelan,Directed,9,,1
charliepurdue,jopavey,Directed,10,,1
charliepurdue,jodiealicia27,Directed,11,,1
charliepurdue,jemmasimpson,Directed,12,,1
charliepurdue,hannengland,Directed,13,,1
charliepurdue,katedennison,Directed,14,,1
jopavey,charliepurdue,Directed,15,,1
jopavey,clitherbot,Directed,16,,1
jopavey,hallisseyc,Directed,17,,1
jopavey,paulajradcliffe,Directed,18,,1
jopavey,jemmasimpson,Directed,19,,1
clitherbot,jopavey,Directed,20,,1
clitherbot,jemmasimpson,Directed,21,,1
clitherbot,hannengland,Directed,22,,1
clitherbot,katedennison,Directed,23,,1
clitherbot,uka_athletics,Directed,24,,1
runbadders,jopavey,Directed,25,,1
runbadders,clitherbot,Directed,26,,1
runbadders,hallisseyc,Directed,27,,1
runbadders,jemmasimpson,Directed,28,,1
runbadders,leemerrien,Directed,29,,1
hallisseyc,jopavey,Directed,30,,1
hallisseyc,runbadders,Directed,31,,1
hallisseyc,jojackson2012,Directed,32,,1
hallisseyc,leemerrien,Directed,33,,1
hallisseyc,hollybleasdale,Directed,34,,1
paulajradcliffe,jopavey,Directed,35,,1
paulajradcliffe,daigreene,Directed,36,,1
paulajradcliffe,hannengland,Directed,37,,1
paulajradcliffe,leemerrien,Directed,38,,1
paulajradcliffe,hollybleasdale,Directed,39,,1
andy_murray,serenawilliams,Directed,40,,1
andy_murray,venuseswilliams,Directed,41,,1
andy_murray,elenabaltacha,Directed,42,,1
andy_murray,usainbolt,Directed,43,,1
andy_murray,britishtennis,Directed,44,,1
serenawilliams,venuseswilliams,Directed,45,,1
serenawilliams,elenabaltacha,Directed,46,,1
serenawilliams,clijsterskim,Directed,47,,1
serenawilliams,tsonga7,Directed,48,,1
serenawilliams,kerrileewalsh,Directed,49,,1
venuseswilliams,andy_murray,Directed,50,,1
venuseswilliams,serenawilliams,Directed,51,,1
venuseswilliams,elenabaltacha,Directed,52,,1
venuseswilliams,clijsterskim,Directed,53,,1
venuseswilliams,allysonfelix,Directed,54,,1
elenabaltacha,serenawilliams,Directed,55,,1
elenabaltacha,clijsterskim,Directed,56,,1
elenabaltacha,euan_burton,Directed,57,,1
elenabaltacha,britishtennis,Directed,58,,1
elenabaltacha,itfprocircuit,Directed,59,,1
clijsterskim,andy_murray,Directed,60,,1
clijsterskim,serenawilliams,Directed,61,,1
clijsterskim,elenabaltacha,Directed,62,,1
clijsterskim,britishtennis,Directed,63,,1
clijsterskim,itfprocircuit,Directed,64,,1
stanwawrinka,serenawilliams,Directed,65,,1
stanwawrinka,clijsterskim,Directed,66,,1
stanwawrinka,gael_monfils,Directed,67,,1
stanwawrinka,tsonga7,Directed,68,,1
stanwawrinka,britishtennis,Directed,69,,1
gael_monfils,andy_murray,Directed,70,,1
gael_monfils,serenawilliams,Directed,71,,1
gael_monfils,venuseswilliams,Directed,72,,1
gael_monfils,stanwawrinka,Directed,73,,1
gael_monfils,tsonga7,Directed,74,,1
tsonga7,serenawilliams,Directed,75,,1
tsonga7,venuseswilliams,Directed,76,,1
tsonga7,stanwawrinka,Directed,77,,1
tsonga7,gael_monfils,Directed,78,,1
tsonga7,itfprocircuit,Directed,79,,1
usath,fudge89,Directed,80,,1
usath,britishhandball,Directed,81,,1
usath,johnnailspearce,Directed,82,,1
usath,hollyhandball3,Directed,83,,1
usath,laurainnes1989,Directed,84,,1
fudge89,christophermcd_,Directed,85,,1
fudge89,johnnailspearce,Directed,86,,1
fudge89,hollyhandball3,Directed,87,,1
fudge89,laurainnes1989,Directed,88,,1
fudge89,gbhandball_mh20,Directed,89,,1
lynn_gbhandball,fudge89,Directed,90,,1
lynn_gbhandball,christophermcd_,Directed,91,,1
lynn_gbhandball,johnnailspearce,Directed,92,,1
lynn_gbhandball,hollyhandball3,Directed,93,,1
lynn_gbhandball,bobby_white_12,Directed,94,,1
britishhandball,fudge89,Directed,95,,1
britishhandball,christophermcd_,Directed,96,,1
britishhandball,johnnailspearce,Directed,97,,1
britishhandball,louisejukes,Directed,98,,1
britishhandball,eha_official,Directed,99,,1
christophermcd_,fudge89,Directed,100,,1
christophermcd_,johnnailspearce,Directed,101,,1
christophermcd_,hollyhandball3,Directed,102,,1
christophermcd_,louisejukes,Directed,103,,1
christophermcd_,gbhandball_mh20,Directed,104,,1
johnnailspearce,fudge89,Directed,105,,1
johnnailspearce,christophermcd_,Directed,106,,1
johnnailspearce,hollyhandball3,Directed,107,,1
johnnailspearce,louisejukes,Directed,108,,1
johnnailspearce,gbhandball_mh20,Directed,109,,1
hollyhandball3,fudge89,Directed,110,,1
hollyhandball3,christophermcd_,Directed,111,,1
hollyhandball3,johnnailspearce,Directed,112,,1
hollyhandball3,louisejukes,Directed,113,,1
hollyhandball3,laurainnes1989,Directed,114,,1
louisejukes,fudge89,Directed,115,,1
louisejukes,christophermcd_,Directed,116,,1
louisejukes,johnnailspearce,Directed,117,,1
louisejukes,hollyhandball3,Directed,118,,1
louisejukes,gbhandball_mh20,Directed,119,,1
laurainnes1989,fudge89,Directed,120,,1
laurainnes1989,christophermcd_,Directed,121,,1
laurainnes1989,johnnailspearce,Directed,122,,1
laurainnes1989,hollyhandball3,Directed,123,,1
laurainnes1989,gbhandball_mh20,Directed,124,,1
gbhandball_mh20,fudge89,Directed,125,,1
gbhandball_mh20,christophermcd_,Directed,126,,1
gbhandball_mh20,johnnailspearce,Directed,127,,1
gbhandball_mh20,louisejukes,Directed,128,,1
gbhandball_mh20,ciaranwilliams,Directed,129,,1
gbrvolleyball,fudge89,Directed,130,,1
gbrvolleyball,hollyhandball3,Directed,131,,1
gbrvolleyball,laurainnes1989,Directed,132,,1
gbrvolleyball,shuvolleygb,Directed,133,,1
gbrvolleyball,djbeachvolley,Directed,134,,1
ciaranwilliams,fudge89,Directed,135,,1
ciaranwilliams,christophermcd_,Directed,136,,1
ciaranwilliams,hollyhandball3,Directed,137,,1
ciaranwilliams,louisejukes,Directed,138,,1
ciaranwilliams,gbhandball_mh20,Directed,139,,1
rgallantree,nickrb,Directed,140,,1
rgallantree,megandiver,Directed,141,,1
rgallantree,sarahbarrow,Directed,142,,1
rgallantree,powellstacie,Directed,143,,1
rgallantree,aliciablagg,Directed,144,,1
nickrb,rgallantree,Directed,145,,1
nickrb,moniquegladding,Directed,146,,1
nickrb,asharandall,Directed,147,,1
nickrb,katiec_23,Directed,148,,1
nickrb,sarahbarrow,Directed,149,,1
megandiver,rgallantree,Directed,150,,1
megandiver,nickrb,Directed,151,,1
megandiver,toniacouch,Directed,152,,1
megandiver,sarahbarrow,Directed,153,,1
megandiver,powellstacie,Directed,154,,1
moniquegladding,nickrb,Directed,155,,1
moniquegladding,toniacouch,Directed,156,,1
moniquegladding,asharandall,Directed,157,,1
moniquegladding,katiec_23,Directed,158,,1
moniquegladding,sarahbarrow,Directed,159,,1
toniacouch,nickrb,Directed,160,,1
toniacouch,sarahbarrow,Directed,161,,1
toniacouch,powellstacie,Directed,162,,1
toniacouch,aliciablagg,Directed,163,,1
toniacouch,jacklaugher,Directed,164,,1
jwariner,tysonlgay,Directed,165,,1
jwariner,tashadanvers,Directed,166,,1
jwariner,tiffofili,Directed,167,,1
jwariner,uka_athletics,Directed,168,,1
jwariner,williamsharman,Directed,169,,1
tysonlgay,tashadanvers,Directed,170,,1
tysonlgay,shakesdrayton,Directed,171,,1
tysonlgay,iaaforg,Directed,172,,1
tysonlgay,airlewis,Directed,173,,1
tysonlgay,martynrooney,Directed,174,,1
aiba_boxing,abaengland,Directed,175,,1
aiba_boxing,cedwardsboxing,Directed,176,,1
aiba_boxing,iam_yafai,Directed,177,,1
aiba_boxing,gbboxing,Directed,178,,1
aiba_boxing,thomasstalker1,Directed,179,,1
abaengland,cedwardsboxing,Directed,180,,1
abaengland,warrenbaister,Directed,181,,1
abaengland,danny_price,Directed,182,,1
abaengland,gbboxing,Directed,183,,1
abaengland,callumsmith23,Directed,184,,1
wsb_boxing,abaengland,Directed,185,,1
wsb_boxing,danny_price,Directed,186,,1
wsb_boxing,luke11campbell,Directed,187,,1
wsb_boxing,gamal_yafai,Directed,188,,1
wsb_boxing,thomasstalker1,Directed,189,,1
perryrockeed,abaengland,Directed,190,,1
perryrockeed,cedwardsboxing,Directed,191,,1
perryrockeed,warrenbaister,Directed,192,,1
perryrockeed,danny_price,Directed,193,,1
perryrockeed,gamal_yafai,Directed,194,,1
dingsy_1,abaengland,Directed,195,,1
dingsy_1,scottycardle,Directed,196,,1
dingsy_1,warrenbaister,Directed,197,,1
dingsy_1,smarshall1991,Directed,198,,1
dingsy_1,callumsmith23,Directed,199,,1
mikebourne2,feemc1987,Directed,200,,1
mikebourne2,chloewilcox86,Directed,201,,1
mikebourne2,craigfigesgbwp,Directed,202,,1
mikebourne2,joregan91,Directed,203,,1
mikebourne2,gbmenswaterpolo,Directed,204,,1
feemc1987,chloewilcox86,Directed,205,,1
feemc1987,angiewsmith10,Directed,206,,1
feemc1987,robyn_nicholls,Directed,207,,1
feemc1987,vicbowen,Directed,208,,1
feemc1987,rosiemorris86,Directed,209,,1
rdrabswaterpolo,feemc1987,Directed,210,,1
rdrabswaterpolo,chloewilcox86,Directed,211,,1
rdrabswaterpolo,angiewsmith10,Directed,212,,1
rdrabswaterpolo,robyn_nicholls,Directed,213,,1
rdrabswaterpolo,vicbowen,Directed,214,,1
gb_wpolo_girls,feemc1987,Directed,215,,1
gb_wpolo_girls,chloewilcox86,Directed,216,,1
gb_wpolo_girls,angiewsmith10,Directed,217,,1
gb_wpolo_girls,gbmenswaterpolo,Directed,218,,1
gb_wpolo_girls,vicbowen,Directed,219,,1
chloewilcox86,feemc1987,Directed,220,,1
chloewilcox86,angiewsmith10,Directed,221,,1
chloewilcox86,robyn_nicholls,Directed,222,,1
chloewilcox86,vicbowen,Directed,223,,1
chloewilcox86,rosiemorris86,Directed,224,,1
angiewsmith10,feemc1987,Directed,225,,1
angiewsmith10,chloewilcox86,Directed,226,,1
angiewsmith10,robyn_nicholls,Directed,227,,1
angiewsmith10,vicbowen,Directed,228,,1
angiewsmith10,francescasnell,Directed,229,,1
beckadlington,mj88live,Directed,230,,1
beckadlington,liamtancock,Directed,231,,1
beckadlington,franhalsall,Directed,232,,1
beckadlington,queenmond,Directed,233,,1
beckadlington,swimmerross,Directed,234,,1
mj88live,andrewswillis,Directed,235,,1
mj88live,robbierenwick,Directed,236,,1
mj88live,daniel_fogg,Directed,237,,1
mj88live,walkerhebborn,Directed,238,,1
mj88live,roberto_pavoni,Directed,239,,1
andrewswillis,mj88live,Directed,240,,1
andrewswillis,gemmaspofforth,Directed,241,,1
andrewswillis,siobhanmoconnor,Directed,242,,1
andrewswillis,walkerhebborn,Directed,243,,1
andrewswillis,roberto_pavoni,Directed,244,,1
robbierenwick,mj88live,Directed,245,,1
robbierenwick,mrgrantturner,Directed,246,,1
robbierenwick,hannahmiley89,Directed,247,,1
robbierenwick,daniel_fogg,Directed,248,,1
robbierenwick,adambrownswim,Directed,249,,1
michaelphelps,mj88live,Directed,250,,1
michaelphelps,davidboudia,Directed,251,,1
michaelphelps,dianalopez25,Directed,252,,1
michaelphelps,shawnjohnson,Directed,253,,1
michaelphelps,jordyn_wieber,Directed,254,,1
cbennettgbr,fencingmary,Directed,255,,1
cbennettgbr,britishfencing,Directed,256,,1
cbennettgbr,jthorntongbr,Directed,257,,1
cbennettgbr,laurencehalsted,Directed,258,,1
cbennettgbr,scottishfencing,Directed,259,,1
fencingmary,fie_en,Directed,260,,1
fencingmary,jthorntongbr,Directed,261,,1
fencingmary,hannahelawrence,Directed,262,,1
fencingmary,laurencehalsted,Directed,263,,1
fencingmary,annabentleygbr,Directed,264,,1
britishfencing,cbennettgbr,Directed,265,,1
britishfencing,fencingmary,Directed,266,,1
britishfencing,jthorntongbr,Directed,267,,1
britishfencing,scottishfencing,Directed,268,,1
britishfencing,chrystalln,Directed,269,,1
louisehelyer,fencingmary,Directed,270,,1
louisehelyer,kt_burke,Directed,271,,1
louisehelyer,jamiecooke_5,Directed,272,,1
louisehelyer,dominicmahony,Directed,273,,1
louisehelyer,natalyacoyle,Directed,274,,1
fie_en,fencingmary,Directed,275,,1
fie_en,katherinekempe,Directed,276,,1
fie_en,daniel_mingbok,Directed,277,,1
fie_en,laurencehalsted,Directed,278,,1
fie_en,scottishfencing,Directed,279,,1
katherinekempe,fencingmary,Directed,280,,1
katherinekempe,jthorntongbr,Directed,281,,1
katherinekempe,sophie_a_w,Directed,282,,1
katherinekempe,scottishfencing,Directed,283,,1
katherinekempe,chrystalln,Directed,284,,1
jthorntongbr,fencingmary,Directed,285,,1
jthorntongbr,britishfencing,Directed,286,,1
jthorntongbr,hannahelawrence,Directed,287,,1
jthorntongbr,annabentleygbr,Directed,288,,1
jthorntongbr,scottishfencing,Directed,289,,1
alextofalides,fencingmary,Directed,290,,1
alextofalides,jthorntongbr,Directed,291,,1
alextofalides,tom_mottershead,Directed,292,,1
alextofalides,annabentleygbr,Directed,293,,1
alextofalides,chrystalln,Directed,294,,1
hannahelawrence,fencingmary,Directed,295,,1
hannahelawrence,britishfencing,Directed,296,,1
hannahelawrence,jthorntongbr,Directed,297,,1
hannahelawrence,laurencehalsted,Directed,298,,1
hannahelawrence,sophie_a_w,Directed,299,,1
daniel_mingbok,fencingmary,Directed,300,,1
daniel_mingbok,fie_en,Directed,301,,1
daniel_mingbok,jthorntongbr,Directed,302,,1
daniel_mingbok,scottishfencing,Directed,303,,1
daniel_mingbok,kizzleroberts,Directed,304,,1
chrishay2011,fencingmary,Directed,305,,1
chrishay2011,katylivo,Directed,306,,1
chrishay2011,jamiecooke_5,Directed,307,,1
chrishay2011,lisafencing,Directed,308,,1
chrishay2011,scottishfencing,Directed,309,,1
tom_mottershead,fencingmary,Directed,310,,1
tom_mottershead,jthorntongbr,Directed,311,,1
tom_mottershead,hannahelawrence,Directed,312,,1
tom_mottershead,laurencehalsted,Directed,313,,1
tom_mottershead,chrystalln,Directed,314,,1
laurencehalsted,fencingmary,Directed,315,,1
laurencehalsted,jthorntongbr,Directed,316,,1
laurencehalsted,hannahelawrence,Directed,317,,1
laurencehalsted,sophie_a_w,Directed,318,,1
laurencehalsted,scottishfencing,Directed,319,,1
annabentleygbr,cbennettgbr,Directed,320,,1
annabentleygbr,fencingmary,Directed,321,,1
annabentleygbr,jthorntongbr,Directed,322,,1
annabentleygbr,sophie_a_w,Directed,323,,1
annabentleygbr,chrystalln,Directed,324,,1
watkinsteamgb,jesseddie,Directed,325,,1
watkinsteamgb,hes888,Directed,326,,1
watkinsteamgb,marcus_bateman,Directed,327,,1
watkinsteamgb,nrod2012,Directed,328,,1
watkinsteamgb,markhuntergb,Directed,329,,1
jesseddie,watkinsteamgb,Directed,330,,1
jesseddie,2012parters,Directed,331,,1
jesseddie,andrewthodge,Directed,332,,1
jesseddie,nrod2012,Directed,333,,1
jesseddie,cameronnicholgb,Directed,334,,1
chris_bartleygb,watkinsteamgb,Directed,335,,1
chris_bartleygb,jesseddie,Directed,336,,1
chris_bartleygb,nrod2012,Directed,337,,1
chris_bartleygb,markhuntergb,Directed,338,,1
chris_bartleygb,cameronnicholgb,Directed,339,,1
zacpurchase,jesseddie,Directed,340,,1
zacpurchase,2012parters,Directed,341,,1
zacpurchase,gbrowingteam,Directed,342,,1
zacpurchase,andrewthodge,Directed,343,,1
zacpurchase,markhuntergb,Directed,344,,1
imogenwalsh,watkinsteamgb,Directed,345,,1
imogenwalsh,jesseddie,Directed,346,,1
imogenwalsh,marcus_bateman,Directed,347,,1
imogenwalsh,andrewthodge,Directed,348,,1
imogenwalsh,markhuntergb,Directed,349,,1
2012parters,watkinsteamgb,Directed,350,,1
2012parters,jesseddie,Directed,351,,1
2012parters,marcus_bateman,Directed,352,,1
2012parters,andrewthodge,Directed,353,,1
2012parters,markhuntergb,Directed,354,,1
jamescracknell,watkinsteamgb,Directed,355,,1
jamescracknell,jesseddie,Directed,356,,1
jamescracknell,marcus_bateman,Directed,357,,1
jamescracknell,nrod2012,Directed,358,,1
jamescracknell,markhuntergb,Directed,359,,1
usashooting,usadiving,Directed,360,,1
usashooting,jenmac600,Directed,361,,1
usashooting,usajudo,Directed,362,,1
usashooting,usfencing,Directed,363,,1
usashooting,nwilson79pistol,Directed,364,,1
usadiving,kassidycook1,Directed,365,,1
usadiving,marielzagunis,Directed,366,,1
usadiving,christinaloukas,Directed,367,,1
usadiving,davidboudia,Directed,368,,1
usadiving,matthew_mitcham,Directed,369,,1
kassidycook1,usadiving,Directed,370,,1
kassidycook1,christinaloukas,Directed,371,,1
kassidycook1,davidboudia,Directed,372,,1
kassidycook1,sarahbarrow,Directed,373,,1
kassidycook1,powellstacie,Directed,374,,1
marielzagunis,usadiving,Directed,375,,1
marielzagunis,kassidycook1,Directed,376,,1
marielzagunis,christinaloukas,Directed,377,,1
marielzagunis,davidboudia,Directed,378,,1
marielzagunis,shawnjohnson,Directed,379,,1
christinaloukas,usadiving,Directed,380,,1
christinaloukas,kassidycook1,Directed,381,,1
christinaloukas,davidboudia,Directed,382,,1
christinaloukas,shawnjohnson,Directed,383,,1
christinaloukas,adfleshner,Directed,384,,1
davidboudia,usadiving,Directed,385,,1
davidboudia,kassidycook1,Directed,386,,1
davidboudia,christinaloukas,Directed,387,,1
davidboudia,usagym,Directed,388,,1
davidboudia,adfleshner,Directed,389,,1
nickwoodbridge,mhairispence,Directed,390,,1
nickwoodbridge,kt_burke,Directed,391,,1
nickwoodbridge,katylivo,Directed,392,,1
nickwoodbridge,jamiecooke_5,Directed,393,,1
nickwoodbridge,dominicmahony,Directed,394,,1
mhairispence,nickwoodbridge,Directed,395,,1
mhairispence,heatherfellnews,Directed,396,,1
mhairispence,kt_burke,Directed,397,,1
mhairispence,katylivo,Directed,398,,1
mhairispence,jamiecooke_5,Directed,399,,1
shuvolleygb,gbrvolleyball,Directed,400,,1
shuvolleygb,mhairispence,Directed,401,,1
shuvolleygb,greggweaver062,Directed,402,,1
shuvolleygb,zara_dampney,Directed,403,,1
shuvolleygb,lucy_boulton,Directed,404,,1
heatherfellnews,nickwoodbridge,Directed,405,,1
heatherfellnews,mhairispence,Directed,406,,1
heatherfellnews,kt_burke,Directed,407,,1
heatherfellnews,katylivo,Directed,408,,1
heatherfellnews,jamiecooke_5,Directed,409,,1
kt_burke,nickwoodbridge,Directed,410,,1
kt_burke,mhairispence,Directed,411,,1
kt_burke,jamiecooke_5,Directed,412,,1
kt_burke,dominicmahony,Directed,413,,1
kt_burke,natalyacoyle,Directed,414,,1
katylivo,nickwoodbridge,Directed,415,,1
katylivo,mhairispence,Directed,416,,1
katylivo,heatherfellnews,Directed,417,,1
katylivo,jamiecooke_5,Directed,418,,1
katylivo,dominicmahony,Directed,419,,1
jamiecooke_5,nickwoodbridge,Directed,420,,1
jamiecooke_5,mhairispence,Directed,421,,1
jamiecooke_5,kt_burke,Directed,422,,1
jamiecooke_5,dominicmahony,Directed,423,,1
jamiecooke_5,pentathlongb,Directed,424,,1
lauraunsworth4,natalieseymour9,Directed,425,,1
lauraunsworth4,sallywalton23,Directed,426,,1
lauraunsworth4,katewalsh11,Directed,427,,1
lauraunsworth4,hannahmacleod6,Directed,428,,1
lauraunsworth4,samanthaquek,Directed,429,,1
natalieseymour9,cristacullen5,Directed,430,,1
natalieseymour9,katewalsh11,Directed,431,,1
natalieseymour9,hannahmacleod6,Directed,432,,1
natalieseymour9,abiwalker24,Directed,433,,1
natalieseymour9,samanthaquek,Directed,434,,1
cristacullen5,natalieseymour9,Directed,435,,1
cristacullen5,h_richardson8,Directed,436,,1
cristacullen5,georgietwigg,Directed,437,,1
cristacullen5,ashleigh_ball22,Directed,438,,1
cristacullen5,anniepanter,Directed,439,,1
tashadanvers,phillipsidowu,Directed,440,,1
tashadanvers,shakesdrayton,Directed,441,,1
tashadanvers,kellysotherton,Directed,442,,1
tashadanvers,andyturner110h,Directed,443,,1
tashadanvers,martynrooney,Directed,444,,1
phillipsidowu,daigreene,Directed,445,,1
phillipsidowu,andyturner110h,Directed,446,,1
phillipsidowu,katedennison,Directed,447,,1
phillipsidowu,gregjrutherford,Directed,448,,1
phillipsidowu,martynrooney,Directed,449,,1
christianm200,phillipsidowu,Directed,450,,1
christianm200,daigreene,Directed,451,,1
christianm200,andrew_pozzi,Directed,452,,1
christianm200,jodiealicia27,Directed,453,,1
christianm200,andyturner110h,Directed,454,,1
daigreene,phillipsidowu,Directed,455,,1
daigreene,airlewis,Directed,456,,1
daigreene,andyturner110h,Directed,457,,1
daigreene,katedennison,Directed,458,,1
daigreene,martynrooney,Directed,459,,1
goldiesayers,phillipsidowu,Directed,460,,1
goldiesayers,daigreene,Directed,461,,1
goldiesayers,airlewis,Directed,462,,1
goldiesayers,katedennison,Directed,463,,1
goldiesayers,martynrooney,Directed,464,,1
louissmith1989,phillipsidowu,Directed,465,,1
louissmith1989,gregjrutherford,Directed,466,,1
louissmith1989,bethtweddlenews,Directed,467,,1
louissmith1989,jempin515,Directed,468,,1
louissmith1989,hannahkwhelan,Directed,469,,1
allysonfelix,phillipsidowu,Directed,470,,1
allysonfelix,kerrileewalsh,Directed,471,,1
allysonfelix,dianalopez25,Directed,472,,1
allysonfelix,stevenlopeztkd,Directed,473,,1
allysonfelix,shawnjohnson,Directed,474,,1
shakesdrayton,phillipsidowu,Directed,475,,1
shakesdrayton,daigreene,Directed,476,,1
shakesdrayton,airlewis,Directed,477,,1
shakesdrayton,gregjrutherford,Directed,478,,1
shakesdrayton,martynrooney,Directed,479,,1
dariusknight,phillipsidowu,Directed,480,,1
dariusknight,louissmith1989,Directed,481,,1
dariusknight,andyturner110h,Directed,482,,1
dariusknight,sible2109,Directed,483,,1
dariusknight,pdrinkhall,Directed,484,,1
rspringham15,danfox450,Directed,485,,1
rspringham15,jontyclarke,Directed,486,,1
rspringham15,iainlewers,Directed,487,,1
rspringham15,adamdixon16,Directed,488,,1
rspringham15,abrogdon11,Directed,489,,1
danfox450,rob13moore,Directed,490,,1
danfox450,jontyclarke,Directed,491,,1
danfox450,gcp01,Directed,492,,1
danfox450,jfair25,Directed,493,,1
danfox450,iainlewers,Directed,494,,1
rob13moore,danfox450,Directed,495,,1
rob13moore,jontyclarke,Directed,496,,1
rob13moore,aliwilson17,Directed,497,,1
rob13moore,iainlewers,Directed,498,,1
rob13moore,benhawes14,Directed,499,,1
jontyclarke,danfox450,Directed,500,,1
jontyclarke,rob13moore,Directed,501,,1
jontyclarke,gcp01,Directed,502,,1
jontyclarke,markpearn3,Directed,503,,1
jontyclarke,jimmyt20,Directed,504,,1
richm6,danfox450,Directed,505,,1
richm6,jfair25,Directed,506,,1
richm6,iainlewers,Directed,507,,1
richm6,adamdixon16,Directed,508,,1
richm6,ashleyjackson7,Directed,509,,1
niallstott16,danfox450,Directed,510,,1
niallstott16,richm6,Directed,511,,1
niallstott16,jfair25,Directed,512,,1
niallstott16,abrogdon11,Directed,513,,1
niallstott16,menshockey2012,Directed,514,,1
gcp01,danfox450,Directed,515,,1
gcp01,rob13moore,Directed,516,,1
gcp01,jfair25,Directed,517,,1
gcp01,aliwilson17,Directed,518,,1
gcp01,adamdixon16,Directed,519,,1
englandhockey,danfox450,Directed,520,,1
englandhockey,richm6,Directed,521,,1
englandhockey,andyhalliday3,Directed,522,,1
englandhockey,georgietwigg,Directed,523,,1
englandhockey,menshockey2012,Directed,524,,1
andyhalliday3,danfox450,Directed,525,,1
andyhalliday3,rob13moore,Directed,526,,1
andyhalliday3,jontyclarke,Directed,527,,1
andyhalliday3,iainlewers,Directed,528,,1
andyhalliday3,adamdixon16,Directed,529,,1
jfair25,danfox450,Directed,530,,1
jfair25,rob13moore,Directed,531,,1
jfair25,aliwilson17,Directed,532,,1
jfair25,iainlewers,Directed,533,,1
jfair25,adamdixon16,Directed,534,,1
matthew_mitcham,toniacouch,Directed,535,,1
matthew_mitcham,kassidycook1,Directed,536,,1
matthew_mitcham,sarahbarrow,Directed,537,,1
matthew_mitcham,powellstacie,Directed,538,,1
matthew_mitcham,aliciablagg,Directed,539,,1
lynnehutch94,jadefaulkner,Directed,540,,1
lynnehutch94,anniebarts,Directed,541,,1
lynnehutch94,gymnast_rachel,Directed,542,,1
lynnehutch94,danusiafrancis,Directed,543,,1
lynnehutch94,jempin515,Directed,544,,1
anniebarts,jadefaulkner,Directed,545,,1
anniebarts,lynnehutch94,Directed,546,,1
anniebarts,gymnast_rachel,Directed,547,,1
anniebarts,bgmediateam,Directed,548,,1
anniebarts,officialfig,Directed,549,,1
gymnast_rachel,jadefaulkner,Directed,550,,1
gymnast_rachel,lynnehutch94,Directed,551,,1
gymnast_rachel,anniebarts,Directed,552,,1
gymnast_rachel,danusiafrancis,Directed,553,,1
gymnast_rachel,jempin515,Directed,554,,1
oliver_townend,benmaher1,Directed,555,,1
oliver_townend,harry_meade,Directed,556,,1
oliver_townend,britshowjumping,Directed,557,,1
oliver_townend,teamgbr,Directed,558,,1
oliver_townend,teamwilliamsgbr,Directed,559,,1
benmaher1,oliver_townend,Directed,560,,1
benmaher1,will_whitaker,Directed,561,,1
benmaher1,britshowjumping,Directed,562,,1
benmaher1,hesterdressage,Directed,563,,1
benmaher1,teamwilliamsgbr,Directed,564,,1
iamtimstockdale,benmaher1,Directed,565,,1
iamtimstockdale,will_whitaker,Directed,566,,1
iamtimstockdale,britishdressage,Directed,567,,1
iamtimstockdale,skeltonnick,Directed,568,,1
iamtimstockdale,teamwilliamsgbr,Directed,569,,1
johnwhitakerint,oliver_townend,Directed,570,,1
johnwhitakerint,benmaher1,Directed,571,,1
johnwhitakerint,iamtimstockdale,Directed,572,,1
johnwhitakerint,will_whitaker,Directed,573,,1
johnwhitakerint,britishdressage,Directed,574,,1
will_whitaker,oliver_townend,Directed,575,,1
will_whitaker,benmaher1,Directed,576,,1
will_whitaker,iamtimstockdale,Directed,577,,1
will_whitaker,skeltonnick,Directed,578,,1
will_whitaker,teamwilliamsgbr,Directed,579,,1
harry_meade,oliver_townend,Directed,580,,1
harry_meade,benmaher1,Directed,581,,1
harry_meade,britshowjumping,Directed,582,,1
harry_meade,hesterdressage,Directed,583,,1
harry_meade,teamwilliamsgbr,Directed,584,,1
rajivouseph,chrisadcock1,Directed,585,,1
rajivouseph,gabbywhite011,Directed,586,,1
rajivouseph,jennywallwork,Directed,587,,1
rajivouseph,nath_robertson,Directed,588,,1
rajivouseph,mariana251,Directed,589,,1
chrisadcock1,rajivouseph,Directed,590,,1
chrisadcock1,gabbywhite011,Directed,591,,1
chrisadcock1,jennywallwork,Directed,592,,1
chrisadcock1,nath_robertson,Directed,593,,1
chrisadcock1,jessicamayne_x,Directed,594,,1
gabbywhite011,rajivouseph,Directed,595,,1
gabbywhite011,chrisadcock1,Directed,596,,1
gabbywhite011,jennywallwork,Directed,597,,1
gabbywhite011,nath_robertson,Directed,598,,1
gabbywhite011,badmlntonenglnd,Directed,599,,1
jennywallwork,rajivouseph,Directed,600,,1
jennywallwork,chrisadcock1,Directed,601,,1
jennywallwork,gabbywhite011,Directed,602,,1
jennywallwork,bwfmedia,Directed,603,,1
jennywallwork,badmlntonenglnd,Directed,604,,1
nath_robertson,chrisadcock1,Directed,605,,1
nath_robertson,gabbywhite011,Directed,606,,1
nath_robertson,jennywallwork,Directed,607,,1
nath_robertson,jessicamayne_x,Directed,608,,1
nath_robertson,scott_evans1,Directed,609,,1
jessicamayne_x,rajivouseph,Directed,610,,1
jessicamayne_x,chrisadcock1,Directed,611,,1
jessicamayne_x,gabbywhite011,Directed,612,,1
jessicamayne_x,scott_evans1,Directed,613,,1
jessicamayne_x,mariana251,Directed,614,,1
rowingaust,watkinsteamgb,Directed,615,,1
rowingaust,chris_bartleygb,Directed,616,,1
rowingaust,welshrowing,Directed,617,,1
rowingaust,britishrowing,Directed,618,,1
rowingaust,nrod2012,Directed,619,,1
welshrowing,chris_bartleygb,Directed,620,,1
welshrowing,worldrowing,Directed,621,,1
welshrowing,gbrowingteam,Directed,622,,1
welshrowing,nrod2012,Directed,623,,1
welshrowing,cameronnicholgb,Directed,624,,1
planetcanoe,daniels_andrew,Directed,625,,1
planetcanoe,ed_rutherford,Directed,626,,1
planetcanoe,gbcanoeing,Directed,627,,1
planetcanoe,jboyton,Directed,628,,1
planetcanoe,pdarbydowman,Directed,629,,1
daniels_andrew,thebenfarrell,Directed,630,,1
daniels_andrew,tom_hide,Directed,631,,1
daniels_andrew,ed_rutherford,Directed,632,,1
daniels_andrew,paulwycherley,Directed,633,,1
daniels_andrew,jboyton,Directed,634,,1
thebenfarrell,daniels_andrew,Directed,635,,1
thebenfarrell,ed_rutherford,Directed,636,,1
thebenfarrell,paulwycherley,Directed,637,,1
thebenfarrell,jboyton,Directed,638,,1
thebenfarrell,pdarbydowman,Directed,639,,1
tom_hide,daniels_andrew,Directed,640,,1
tom_hide,ed_rutherford,Directed,641,,1
tom_hide,paulwycherley,Directed,642,,1
tom_hide,hayleigh_mason,Directed,643,,1
tom_hide,jboyton,Directed,644,,1
ec93,rdrabswaterpolo,Directed,645,,1
ec93,chloewilcox86,Directed,646,,1
ec93,angiewsmith10,Directed,647,,1
ec93,glenrob89,Directed,648,,1
ec93,vicbowen,Directed,649,,1
glenrob89,ec93,Directed,650,,1
glenrob89,craigfigesgbwp,Directed,651,,1
glenrob89,joregan91,Directed,652,,1
glenrob89,sdking4,Directed,653,,1
glenrob89,jdwaller6,Directed,654,,1
craigfigesgbwp,glenrob89,Directed,655,,1
craigfigesgbwp,joregan91,Directed,656,,1
craigfigesgbwp,sdking4,Directed,657,,1
craigfigesgbwp,gbmenswaterpolo,Directed,658,,1
craigfigesgbwp,jdwaller6,Directed,659,,1
joregan91,glenrob89,Directed,660,,1
joregan91,craigfigesgbwp,Directed,661,,1
joregan91,sdking4,Directed,662,,1
joregan91,richardlawlor,Directed,663,,1
joregan91,jdwaller6,Directed,664,,1
sdking4,glenrob89,Directed,665,,1
sdking4,craigfigesgbwp,Directed,666,,1
sdking4,joregan91,Directed,667,,1
sdking4,richardlawlor,Directed,668,,1
sdking4,jdwaller6,Directed,669,,1
dominicmahony,nickwoodbridge,Directed,670,,1
dominicmahony,jamiecooke_5,Directed,671,,1
dominicmahony,uipm_hq,Directed,672,,1
dominicmahony,pentathlongb,Directed,673,,1
dominicmahony,natalyacoyle,Directed,674,,1
uipm_hq,nickwoodbridge,Directed,675,,1
uipm_hq,jamiecooke_5,Directed,676,,1
uipm_hq,dominicmahony,Directed,677,,1
uipm_hq,pentathlongb,Directed,678,,1
uipm_hq,natalyacoyle,Directed,679,,1
gorgsgeikie,nickwoodbridge,Directed,680,,1
gorgsgeikie,heatherfellnews,Directed,681,,1
gorgsgeikie,jenmac600,Directed,682,,1
gorgsgeikie,archerynicky,Directed,683,,1
gorgsgeikie,nwilson79pistol,Directed,684,,1
pentathlongb,nickwoodbridge,Directed,685,,1
pentathlongb,katylivo,Directed,686,,1
pentathlongb,dominicmahony,Directed,687,,1
pentathlongb,uipm_hq,Directed,688,,1
pentathlongb,natalyacoyle,Directed,689,,1
natalyacoyle,nickwoodbridge,Directed,690,,1
natalyacoyle,kt_burke,Directed,691,,1
natalyacoyle,dominicmahony,Directed,692,,1
natalyacoyle,uipm_hq,Directed,693,,1
natalyacoyle,pentathlongb,Directed,694,,1
itsstephrice,gemmaspofforth,Directed,695,,1
itsstephrice,jamesgoddard83,Directed,696,,1
itsstephrice,joannejackson86,Directed,697,,1
itsstephrice,katehaywood,Directed,698,,1
itsstephrice,caitmcclatchey,Directed,699,,1
gemmaspofforth,mrgrantturner,Directed,700,,1
gemmaspofforth,queenmond,Directed,701,,1
gemmaspofforth,antonyjamesfly,Directed,702,,1
gemmaspofforth,swimmerross,Directed,703,,1
gemmaspofforth,caitmcclatchey,Directed,704,,1
liamtancock,gemmaspofforth,Directed,705,,1
liamtancock,franhalsall,Directed,706,,1
liamtancock,queenmond,Directed,707,,1
liamtancock,swimmerross,Directed,708,,1
liamtancock,caitmcclatchey,Directed,709,,1
stephproud88,gemmaspofforth,Directed,710,,1
stephproud88,mrgrantturner,Directed,711,,1
stephproud88,joeroebuck,Directed,712,,1
stephproud88,siobhanmoconnor,Directed,713,,1
stephproud88,roberto_pavoni,Directed,714,,1
franhalsall,gemmaspofforth,Directed,715,,1
franhalsall,liamtancock,Directed,716,,1
franhalsall,queenmond,Directed,717,,1
franhalsall,swimmerross,Directed,718,,1
franhalsall,joannejackson86,Directed,719,,1
mrgrantturner,gemmaspofforth,Directed,720,,1
mrgrantturner,daniel_fogg,Directed,721,,1
mrgrantturner,joeroebuck,Directed,722,,1
mrgrantturner,antonyjamesfly,Directed,723,,1
mrgrantturner,caitmcclatchey,Directed,724,,1
ge0rgiadavies90,gemmaspofforth,Directed,725,,1
ge0rgiadavies90,mrgrantturner,Directed,726,,1
ge0rgiadavies90,joeroebuck,Directed,727,,1
ge0rgiadavies90,jazzcarlin,Directed,728,,1
ge0rgiadavies90,antonyjamesfly,Directed,729,,1
richardwebb87,gemmaspofforth,Directed,730,,1
richardwebb87,ge0rgiadavies90,Directed,731,,1
richardwebb87,queenmond,Directed,732,,1
richardwebb87,gilly2silly,Directed,733,,1
richardwebb87,katehaywood,Directed,734,,1
hannahmiley89,robbierenwick,Directed,735,,1
hannahmiley89,gemmaspofforth,Directed,736,,1
hannahmiley89,mrgrantturner,Directed,737,,1
hannahmiley89,davidcarry,Directed,738,,1
hannahmiley89,swimmerross,Directed,739,,1
queenmond,gemmaspofforth,Directed,740,,1
queenmond,franhalsall,Directed,741,,1
queenmond,mrgrantturner,Directed,742,,1
queenmond,swimmerross,Directed,743,,1
queenmond,caitmcclatchey,Directed,744,,1
issf_shooting,planetcanoe,Directed,745,,1
issf_shooting,gorgsgeikie,Directed,746,,1
issf_shooting,battz007,Directed,747,,1
issf_shooting,jenmac600,Directed,748,,1
issf_shooting,archerynicky,Directed,749,,1
battz007,gorgsgeikie,Directed,750,,1
battz007,issf_shooting,Directed,751,,1
battz007,jenmac600,Directed,752,,1
battz007,archerynicky,Directed,753,,1
battz007,nwilson79pistol,Directed,754,,1
neilstirton,usashooting,Directed,755,,1
neilstirton,issf_shooting,Directed,756,,1
neilstirton,battz007,Directed,757,,1
neilstirton,jenmac600,Directed,758,,1
neilstirton,nwilson79pistol,Directed,759,,1
jenmac600,robbierenwick,Directed,760,,1
jenmac600,usashooting,Directed,761,,1
jenmac600,gorgsgeikie,Directed,762,,1
jenmac600,battz007,Directed,763,,1
jenmac600,davidcarry,Directed,764,,1
britishsailing,matchracegirls,Directed,765,,1
britishsailing,nick_thompo,Directed,766,,1
britishsailing,iainpercy,Directed,767,,1
britishsailing,katelaven,Directed,768,,1
britishsailing,ainslieben,Directed,769,,1
matchracegirls,britishsailing,Directed,770,,1
matchracegirls,isafupdates,Directed,771,,1
matchracegirls,nick_thompo,Directed,772,,1
matchracegirls,exmouth49er,Directed,773,,1
matchracegirls,470girls,Directed,774,,1
isafupdates,matchracegirls,Directed,775,,1
isafupdates,nick_thompo,Directed,776,,1
isafupdates,exmouth49er,Directed,777,,1
isafupdates,470girls,Directed,778,,1
isafupdates,iainpercy,Directed,779,,1
nick_thompo,matchracegirls,Directed,780,,1
nick_thompo,isafupdates,Directed,781,,1
nick_thompo,470girls,Directed,782,,1
nick_thompo,iainpercy,Directed,783,,1
nick_thompo,andrewbsimpson,Directed,784,,1
exmouth49er,matchracegirls,Directed,785,,1
exmouth49er,isafupdates,Directed,786,,1
exmouth49er,nick_thompo,Directed,787,,1
exmouth49er,470girls,Directed,788,,1
exmouth49er,andrewbsimpson,Directed,789,,1
danusiafrancis,lynnehutch94,Directed,790,,1
danusiafrancis,bgmediateam,Directed,791,,1
danusiafrancis,bethtweddlenews,Directed,792,,1
danusiafrancis,jempin515,Directed,793,,1
danusiafrancis,hannahkwhelan,Directed,794,,1
bgmediateam,lynnehutch94,Directed,795,,1
bgmediateam,anniebarts,Directed,796,,1
bgmediateam,danusiafrancis,Directed,797,,1
bgmediateam,jempin515,Directed,798,,1
bgmediateam,hannahkwhelan,Directed,799,,1
frannywill,goldiesayers,Directed,800,,1
frannywill,liamtancock,Directed,801,,1
frannywill,keriannepayne,Directed,802,,1
frannywill,vickilucass,Directed,803,,1
frannywill,synchroloz,Directed,804,,1
elliesimmonds1,liamtancock,Directed,805,,1
elliesimmonds1,franhalsall,Directed,806,,1
elliesimmonds1,queenmond,Directed,807,,1
elliesimmonds1,jazzcarlin,Directed,808,,1
elliesimmonds1,joannejackson86,Directed,809,,1
keriannepayne,liamtancock,Directed,810,,1
keriannepayne,hannahmiley89,Directed,811,,1
keriannepayne,jamesgoddard83,Directed,812,,1
keriannepayne,davidcarry,Directed,813,,1
keriannepayne,swimmerross,Directed,814,,1
usajudo,usawrestling,Directed,815,,1
usajudo,mikeliptrot,Directed,816,,1
usajudo,sarahclark_judo,Directed,817,,1
usajudo,britishjudo,Directed,818,,1
usajudo,judo_kayla,Directed,819,,1
usawrestling,usajudo,Directed,820,,1
usawrestling,usa_taekwondo,Directed,821,,1
usawrestling,usfencing,Directed,822,,1
usawrestling,britishjudo,Directed,823,,1
usawrestling,mgwrestling,Directed,824,,1
chooky13,usawrestling,Directed,825,,1
chooky13,smarshall1991,Directed,826,,1
chooky13,leonrwrestler,Directed,827,,1
chooky13,mgwrestling,Directed,828,,1
chooky13,djsweeneygb,Directed,829,,1
archeryalison,archerygb,Directed,830,,1
archeryalison,worldarchery,Directed,831,,1
archeryalison,archerynicky,Directed,832,,1
archeryalison,archeryburgess,Directed,833,,1
archeryalison,2012amy,Directed,834,,1
archerygb,archeryalison,Directed,835,,1
archerygb,worldarchery,Directed,836,,1
archerygb,archerynicky,Directed,837,,1
archerygb,archeryburgess,Directed,838,,1
archerygb,2012amy,Directed,839,,1
worldarchery,archeryalison,Directed,840,,1
worldarchery,archerygb,Directed,841,,1
worldarchery,archerynicky,Directed,842,,1
worldarchery,archeryburgess,Directed,843,,1
worldarchery,2012amy,Directed,844,,1
archerynicky,cbennettgbr,Directed,845,,1
archerynicky,archeryalison,Directed,846,,1
archerynicky,archerygb,Directed,847,,1
archerynicky,archeryburgess,Directed,848,,1
archerynicky,2012amy,Directed,849,,1
archeryburgess,archeryalison,Directed,850,,1
archeryburgess,archerygb,Directed,851,,1
archeryburgess,worldarchery,Directed,852,,1
archeryburgess,archerynicky,Directed,853,,1
archeryburgess,2012amy,Directed,854,,1
2012amy,archeryalison,Directed,855,,1
2012amy,archerygb,Directed,856,,1
2012amy,worldarchery,Directed,857,,1
2012amy,archerynicky,Directed,858,,1
2012amy,archeryburgess,Directed,859,,1
richardhounslow,proctormark,Directed,860,,1
richardhounslow,paulwycherley,Directed,861,,1
richardhounslow,edmckeever,Directed,862,,1
richardhounslow,jboyton,Directed,863,,1
richardhounslow,rachelcawthorn,Directed,864,,1
proctormark,richardhounslow,Directed,865,,1
proctormark,ed_rutherford,Directed,866,,1
proctormark,paulwycherley,Directed,867,,1
proctormark,jboyton,Directed,868,,1
proctormark,rachelcawthorn,Directed,869,,1
stownsend7,sallywalton23,Directed,870,,1
stownsend7,rogerschloe12,Directed,871,,1
stownsend7,hannahmacleod6,Directed,872,,1
stownsend7,samanthaquek,Directed,873,,1
stownsend7,ashleigh_ball22,Directed,874,,1
sallywalton23,rogerschloe12,Directed,875,,1
sallywalton23,bethstorry,Directed,876,,1
sallywalton23,hannahmacleod6,Directed,877,,1
sallywalton23,georgietwigg,Directed,878,,1
sallywalton23,ashleigh_ball22,Directed,879,,1
rogerschloe12,sallywalton23,Directed,880,,1
rogerschloe12,bethstorry,Directed,881,,1
rogerschloe12,h_richardson8,Directed,882,,1
rogerschloe12,georgietwigg,Directed,883,,1
rogerschloe12,ashleigh_ball22,Directed,884,,1
bethstorry,sallywalton23,Directed,885,,1
bethstorry,alexdanson15,Directed,886,,1
bethstorry,h_richardson8,Directed,887,,1
bethstorry,georgietwigg,Directed,888,,1
bethstorry,ashleigh_ball22,Directed,889,,1
alexdanson15,sallywalton23,Directed,890,,1
alexdanson15,bethstorry,Directed,891,,1
alexdanson15,h_richardson8,Directed,892,,1
alexdanson15,georgietwigg,Directed,893,,1
alexdanson15,ashleigh_ball22,Directed,894,,1
katewalsh11,sallywalton23,Directed,895,,1
katewalsh11,bethstorry,Directed,896,,1
katewalsh11,alexdanson15,Directed,897,,1
katewalsh11,h_richardson8,Directed,898,,1
katewalsh11,ashleigh_ball22,Directed,899,,1
hannahmacleod6,stownsend7,Directed,900,,1
hannahmacleod6,sallywalton23,Directed,901,,1
hannahmacleod6,bethstorry,Directed,902,,1
hannahmacleod6,ashleigh_ball22,Directed,903,,1
hannahmacleod6,anniepanter,Directed,904,,1
abiwalker24,sallywalton23,Directed,905,,1
abiwalker24,bethstorry,Directed,906,,1
abiwalker24,samanthaquek,Directed,907,,1
abiwalker24,kirsty_mackay_2,Directed,908,,1
abiwalker24,anniepanter,Directed,909,,1
h_richardson8,sallywalton23,Directed,910,,1
h_richardson8,rogerschloe12,Directed,911,,1
h_richardson8,bethstorry,Directed,912,,1
h_richardson8,alexdanson15,Directed,913,,1
h_richardson8,ashleigh_ball22,Directed,914,,1
georgietwigg,sallywalton23,Directed,915,,1
georgietwigg,rogerschloe12,Directed,916,,1
georgietwigg,bethstorry,Directed,917,,1
georgietwigg,ashleigh_ball22,Directed,918,,1
georgietwigg,anniepanter,Directed,919,,1
samanthaquek,sallywalton23,Directed,920,,1
samanthaquek,hannahmacleod6,Directed,921,,1
samanthaquek,abiwalker24,Directed,922,,1
samanthaquek,ashleigh_ball22,Directed,923,,1
samanthaquek,kirsty_mackay_2,Directed,924,,1
ashleigh_ball22,sallywalton23,Directed,925,,1
ashleigh_ball22,rogerschloe12,Directed,926,,1
ashleigh_ball22,bethstorry,Directed,927,,1
ashleigh_ball22,h_richardson8,Directed,928,,1
ashleigh_ball22,georgietwigg,Directed,929,,1
kirsty_mackay_2,stownsend7,Directed,930,,1
kirsty_mackay_2,sallywalton23,Directed,931,,1
kirsty_mackay_2,hannahmacleod6,Directed,932,,1
kirsty_mackay_2,abiwalker24,Directed,933,,1
kirsty_mackay_2,samanthaquek,Directed,934,,1
ed_rutherford,thebenfarrell,Directed,935,,1
ed_rutherford,tom_hide,Directed,936,,1
ed_rutherford,paulwycherley,Directed,937,,1
ed_rutherford,jboyton,Directed,938,,1
ed_rutherford,pdarbydowman,Directed,939,,1
paulwycherley,thebenfarrell,Directed,940,,1
paulwycherley,tom_hide,Directed,941,,1
paulwycherley,ed_rutherford,Directed,942,,1
paulwycherley,jboyton,Directed,943,,1
paulwycherley,pdarbydowman,Directed,944,,1
hayleigh_mason,tom_hide,Directed,945,,1
hayleigh_mason,ed_rutherford,Directed,946,,1
hayleigh_mason,edmckeever,Directed,947,,1
hayleigh_mason,jboyton,Directed,948,,1
hayleigh_mason,lanibelcher,Directed,949,,1
edmckeever,ed_rutherford,Directed,950,,1
edmckeever,hayleigh_mason,Directed,951,,1
edmckeever,jboyton,Directed,952,,1
edmckeever,rachelcawthorn,Directed,953,,1
edmckeever,louisasawers,Directed,954,,1
usacanoekayak,thebenfarrell,Directed,955,,1
usacanoekayak,ed_rutherford,Directed,956,,1
usacanoekayak,edmckeever,Directed,957,,1
usacanoekayak,gbcanoeing,Directed,958,,1
usacanoekayak,jboyton,Directed,959,,1
gbcanoeing,ed_rutherford,Directed,960,,1
gbcanoeing,paulwycherley,Directed,961,,1
gbcanoeing,hayleigh_mason,Directed,962,,1
gbcanoeing,edmckeever,Directed,963,,1
gbcanoeing,jboyton,Directed,964,,1
jboyton,thebenfarrell,Directed,965,,1
jboyton,tom_hide,Directed,966,,1
jboyton,ed_rutherford,Directed,967,,1
jboyton,paulwycherley,Directed,968,,1
jboyton,louisasawers,Directed,969,,1
rachelcawthorn,ed_rutherford,Directed,970,,1
rachelcawthorn,edmckeever,Directed,971,,1
rachelcawthorn,jessicawalker10,Directed,972,,1
rachelcawthorn,lanibelcher,Directed,973,,1
rachelcawthorn,louisasawers,Directed,974,,1
pdarbydowman,thebenfarrell,Directed,975,,1
pdarbydowman,ed_rutherford,Directed,976,,1
pdarbydowman,paulwycherley,Directed,977,,1
pdarbydowman,jboyton,Directed,978,,1
pdarbydowman,lanibelcher,Directed,979,,1
intjudofed,usajudo,Directed,980,,1
intjudofed,mikeliptrot,Directed,981,,1
intjudofed,dannyharper2012,Directed,982,,1
intjudofed,judo_kayla,Directed,983,,1
intjudofed,judoscotland,Directed,984,,1
mikeliptrot,dannyharper2012,Directed,985,,1
mikeliptrot,sjlowe,Directed,986,,1
mikeliptrot,ashleymckenzi12,Directed,987,,1
mikeliptrot,bigyin78,Directed,988,,1
mikeliptrot,judoscotland,Directed,989,,1
emilyjadejudo,usajudo,Directed,990,,1
emilyjadejudo,mikeliptrot,Directed,991,,1
emilyjadejudo,dannyharper2012,Directed,992,,1
emilyjadejudo,bigyin78,Directed,993,,1
emilyjadejudo,judoscotland,Directed,994,,1
dannyharper2012,mikeliptrot,Directed,995,,1
dannyharper2012,bigyin78,Directed,996,,1
dannyharper2012,sophiejsays,Directed,997,,1
dannyharper2012,judo_kayla,Directed,998,,1
dannyharper2012,judoscotland,Directed,999,,1
sjlowe,mikeliptrot,Directed,1000,,1
sjlowe,sarahclark_judo,Directed,1001,,1
sjlowe,bigyin78,Directed,1002,,1
sjlowe,sophiejsays,Directed,1003,,1
sjlowe,judoscotland,Directed,1004,,1
hollie_avil,liz_blatchford,Directed,1005,,1
hollie_avil,vixholland,Directed,1006,,1
hollie_avil,jodieswallow,Directed,1007,,1
hollie_avil,alibrownleetri,Directed,1008,,1
hollie_avil,brittri,Directed,1009,,1
liz_blatchford,hollie_avil,Directed,1010,,1
liz_blatchford,vixholland,Directed,1011,,1
liz_blatchford,jodieswallow,Directed,1012,,1
liz_blatchford,alibrownleetri,Directed,1013,,1
liz_blatchford,stuhayes13,Directed,1014,,1
vixholland,liz_blatchford,Directed,1015,,1
vixholland,jodieswallow,Directed,1016,,1
vixholland,alibrownleetri,Directed,1017,,1
vixholland,brittri,Directed,1018,,1
vixholland,stuhayes13,Directed,1019,,1
jodieswallow,hollie_avil,Directed,1020,,1
jodieswallow,liz_blatchford,Directed,1021,,1
jodieswallow,vixholland,Directed,1022,,1
jodieswallow,brittri,Directed,1023,,1
jodieswallow,stuhayes13,Directed,1024,,1
alibrownleetri,hollie_avil,Directed,1025,,1
alibrownleetri,liz_blatchford,Directed,1026,,1
alibrownleetri,vixholland,Directed,1027,,1
alibrownleetri,jodieswallow,Directed,1028,,1
alibrownleetri,stuhayes13,Directed,1029,,1
brittri,hollie_avil,Directed,1030,,1
brittri,liz_blatchford,Directed,1031,,1
brittri,vixholland,Directed,1032,,1
brittri,jodieswallow,Directed,1033,,1
brittri,stuhayes13,Directed,1034,,1
stuhayes13,liz_blatchford,Directed,1035,,1
stuhayes13,vixholland,Directed,1036,,1
stuhayes13,jodieswallow,Directed,1037,,1
stuhayes13,alibrownleetri,Directed,1038,,1
stuhayes13,brittri,Directed,1039,,1
lisafencing,cbennettgbr,Directed,1040,,1
lisafencing,laurencehalsted,Directed,1041,,1
lisafencing,annabentleygbr,Directed,1042,,1
lisafencing,sophie_a_w,Directed,1043,,1
lisafencing,chrystalln,Directed,1044,,1
sophie_a_w,cbennettgbr,Directed,1045,,1
sophie_a_w,katherinekempe,Directed,1046,,1
sophie_a_w,laurencehalsted,Directed,1047,,1
sophie_a_w,annabentleygbr,Directed,1048,,1
sophie_a_w,lisafencing,Directed,1049,,1
scottishfencing,cbennettgbr,Directed,1050,,1
scottishfencing,fie_en,Directed,1051,,1
scottishfencing,jthorntongbr,Directed,1052,,1
scottishfencing,daniel_mingbok,Directed,1053,,1
scottishfencing,laurencehalsted,Directed,1054,,1
uci_cycling,annameares,Directed,1055,,1
uci_cycling,joannarowsell,Directed,1056,,1
uci_cycling,stevenburke88,Directed,1057,,1
uci_cycling,bcreports,Directed,1058,,1
uci_cycling,swiftybswift,Directed,1059,,1
annameares,v_pendleton,Directed,1060,,1
annameares,liamphillips65,Directed,1061,,1
annameares,joannarowsell,Directed,1062,,1
annameares,bcreports,Directed,1063,,1
annameares,swiftybswift,Directed,1064,,1
anniepanter,rogerschloe12,Directed,1065,,1
anniepanter,bethstorry,Directed,1066,,1
anniepanter,hannahmacleod6,Directed,1067,,1
anniepanter,abiwalker24,Directed,1068,,1
anniepanter,h_richardson8,Directed,1069,,1
daniel_fogg,mrgrantturner,Directed,1070,,1
daniel_fogg,joeroebuck,Directed,1071,,1
daniel_fogg,walkerhebborn,Directed,1072,,1
daniel_fogg,roberto_pavoni,Directed,1073,,1
daniel_fogg,antonyjamesfly,Directed,1074,,1
joeroebuck,mrgrantturner,Directed,1075,,1
joeroebuck,daniel_fogg,Directed,1076,,1
joeroebuck,roberto_pavoni,Directed,1077,,1
joeroebuck,swimmerross,Directed,1078,,1
joeroebuck,joannejackson86,Directed,1079,,1
marcol89,mrgrantturner,Directed,1080,,1
marcol89,daniel_fogg,Directed,1081,,1
marcol89,joeroebuck,Directed,1082,,1
marcol89,antonyjamesfly,Directed,1083,,1
marcol89,jamesgoddard83,Directed,1084,,1
siobhanmoconnor,andrewswillis,Directed,1085,,1
siobhanmoconnor,daniel_fogg,Directed,1086,,1
siobhanmoconnor,walkerhebborn,Directed,1087,,1
siobhanmoconnor,gilly2silly,Directed,1088,,1
siobhanmoconnor,roberto_pavoni,Directed,1089,,1
jazzcarlin,daniel_fogg,Directed,1090,,1
jazzcarlin,antonyjamesfly,Directed,1091,,1
jazzcarlin,swimmerross,Directed,1092,,1
jazzcarlin,joannejackson86,Directed,1093,,1
jazzcarlin,caitmcclatchey,Directed,1094,,1
walkerhebborn,mrgrantturner,Directed,1095,,1
walkerhebborn,daniel_fogg,Directed,1096,,1
walkerhebborn,siobhanmoconnor,Directed,1097,,1
walkerhebborn,roberto_pavoni,Directed,1098,,1
walkerhebborn,adambrownswim,Directed,1099,,1
gilly2silly,andrewswillis,Directed,1100,,1
gilly2silly,mrgrantturner,Directed,1101,,1
gilly2silly,daniel_fogg,Directed,1102,,1
gilly2silly,siobhanmoconnor,Directed,1103,,1
gilly2silly,walkerhebborn,Directed,1104,,1
roberto_pavoni,mrgrantturner,Directed,1105,,1
roberto_pavoni,daniel_fogg,Directed,1106,,1
roberto_pavoni,jamesgoddard83,Directed,1107,,1
roberto_pavoni,adambrownswim,Directed,1108,,1
roberto_pavoni,caitmcclatchey,Directed,1109,,1
antonyjamesfly,mrgrantturner,Directed,1110,,1
antonyjamesfly,daniel_fogg,Directed,1111,,1
antonyjamesfly,joeroebuck,Directed,1112,,1
antonyjamesfly,marcol89,Directed,1113,,1
antonyjamesfly,roberto_pavoni,Directed,1114,,1
jamesgoddard83,mrgrantturner,Directed,1115,,1
jamesgoddard83,daniel_fogg,Directed,1116,,1
jamesgoddard83,roberto_pavoni,Directed,1117,,1
jamesgoddard83,swimmerross,Directed,1118,,1
jamesgoddard83,caitmcclatchey,Directed,1119,,1
davidcarry,robbierenwick,Directed,1120,,1
davidcarry,mrgrantturner,Directed,1121,,1
davidcarry,hannahmiley89,Directed,1122,,1
davidcarry,daniel_fogg,Directed,1123,,1
davidcarry,jamesgoddard83,Directed,1124,,1
kerrileewalsh,allysonfelix,Directed,1125,,1
kerrileewalsh,dianalopez25,Directed,1126,,1
kerrileewalsh,stevenlopeztkd,Directed,1127,,1
kerrileewalsh,usa_taekwondo,Directed,1128,,1
kerrileewalsh,shawnjohnson,Directed,1129,,1
dianalopez25,kerrileewalsh,Directed,1130,,1
dianalopez25,stevenlopeztkd,Directed,1131,,1
dianalopez25,usa_taekwondo,Directed,1132,,1
dianalopez25,teamgbtaekwondo,Directed,1133,,1
dianalopez25,mstamper_tkd,Directed,1134,,1
stevenlopeztkd,kerrileewalsh,Directed,1135,,1
stevenlopeztkd,dianalopez25,Directed,1136,,1
stevenlopeztkd,usa_taekwondo,Directed,1137,,1
stevenlopeztkd,shawnjohnson,Directed,1138,,1
stevenlopeztkd,jordyn_wieber,Directed,1139,,1
usagym,davidboudia,Directed,1140,,1
usagym,anniebarts,Directed,1141,,1
usagym,danusiafrancis,Directed,1142,,1
usagym,kerrileewalsh,Directed,1143,,1
usagym,officialfig,Directed,1144,,1
usa_taekwondo,allysonfelix,Directed,1145,,1
usa_taekwondo,kerrileewalsh,Directed,1146,,1
usa_taekwondo,dianalopez25,Directed,1147,,1
usa_taekwondo,stevenlopeztkd,Directed,1148,,1
usa_taekwondo,biancaw_tkd,Directed,1149,,1
shawnjohnson,christinaloukas,Directed,1150,,1
shawnjohnson,kerrileewalsh,Directed,1151,,1
shawnjohnson,dianalopez25,Directed,1152,,1
shawnjohnson,stevenlopeztkd,Directed,1153,,1
shawnjohnson,jordyn_wieber,Directed,1154,,1
worldrowing,britishrowing,Directed,1155,,1
worldrowing,marcus_bateman,Directed,1156,,1
worldrowing,gbrowingteam,Directed,1157,,1
worldrowing,andrewthodge,Directed,1158,,1
worldrowing,nrod2012,Directed,1159,,1
britishrowing,worldrowing,Directed,1160,,1
britishrowing,marcus_bateman,Directed,1161,,1
britishrowing,gbrowingteam,Directed,1162,,1
britishrowing,andrewthodge,Directed,1163,,1
britishrowing,nrod2012,Directed,1164,,1
hes888,watkinsteamgb,Directed,1165,,1
hes888,worldrowing,Directed,1166,,1
hes888,britishrowing,Directed,1167,,1
hes888,andrewthodge,Directed,1168,,1
hes888,nrod2012,Directed,1169,,1
marcus_bateman,2012parters,Directed,1170,,1
marcus_bateman,worldrowing,Directed,1171,,1
marcus_bateman,andrewthodge,Directed,1172,,1
marcus_bateman,nrod2012,Directed,1173,,1
marcus_bateman,cameronnicholgb,Directed,1174,,1
petereednikon,watkinsteamgb,Directed,1175,,1
petereednikon,worldrowing,Directed,1176,,1
petereednikon,gbrowingteam,Directed,1177,,1
petereednikon,andrewthodge,Directed,1178,,1
petereednikon,markhuntergb,Directed,1179,,1
graeme_thomas,zacpurchase,Directed,1180,,1
graeme_thomas,imogenwalsh,Directed,1181,,1
graeme_thomas,worldrowing,Directed,1182,,1
graeme_thomas,britishrowing,Directed,1183,,1
graeme_thomas,markhuntergb,Directed,1184,,1
gbrowingteam,watkinsteamgb,Directed,1185,,1
gbrowingteam,worldrowing,Directed,1186,,1
gbrowingteam,britishrowing,Directed,1187,,1
gbrowingteam,nrod2012,Directed,1188,,1
gbrowingteam,markhuntergb,Directed,1189,,1
andrewthodge,2012parters,Directed,1190,,1
andrewthodge,worldrowing,Directed,1191,,1
andrewthodge,britishrowing,Directed,1192,,1
andrewthodge,marcus_bateman,Directed,1193,,1
andrewthodge,cameronnicholgb,Directed,1194,,1
andrew_pozzi,shakesdrayton,Directed,1195,,1
andrew_pozzi,dannyraketalbot,Directed,1196,,1
andrew_pozzi,tiffofili,Directed,1197,,1
andrew_pozzi,andyturner110h,Directed,1198,,1
andrew_pozzi,martynrooney,Directed,1199,,1
dannyraketalbot,andrew_pozzi,Directed,1200,,1
dannyraketalbot,mlewisfrancis,Directed,1201,,1
dannyraketalbot,airlewis,Directed,1202,,1
dannyraketalbot,hollybleasdale,Directed,1203,,1
dannyraketalbot,martynrooney,Directed,1204,,1
annyonuora,andrew_pozzi,Directed,1205,,1
annyonuora,dannyraketalbot,Directed,1206,,1
annyonuora,tiffofili,Directed,1207,,1
annyonuora,hollybleasdale,Directed,1208,,1
annyonuora,martynrooney,Directed,1209,,1
iaaforg,dannyraketalbot,Directed,1210,,1
iaaforg,jemmasimpson,Directed,1211,,1
iaaforg,airlewis,Directed,1212,,1
iaaforg,katedennison,Directed,1213,,1
iaaforg,englandathletic,Directed,1214,,1
jodiealicia27,dannyraketalbot,Directed,1215,,1
jodiealicia27,tiffofili,Directed,1216,,1
jodiealicia27,andyturner110h,Directed,1217,,1
jodiealicia27,hollybleasdale,Directed,1218,,1
jodiealicia27,martynrooney,Directed,1219,,1
mlewisfrancis,dannyraketalbot,Directed,1220,,1
mlewisfrancis,jodiealicia27,Directed,1221,,1
mlewisfrancis,airlewis,Directed,1222,,1
mlewisfrancis,andyturner110h,Directed,1223,,1
mlewisfrancis,martynrooney,Directed,1224,,1
tiffofili,shakesdrayton,Directed,1225,,1
tiffofili,andrew_pozzi,Directed,1226,,1
tiffofili,jodiealicia27,Directed,1227,,1
tiffofili,mbingham400m,Directed,1228,,1
tiffofili,hollybleasdale,Directed,1229,,1
lauraturner100,andrew_pozzi,Directed,1230,,1
lauraturner100,tiffofili,Directed,1231,,1
lauraturner100,andyturner110h,Directed,1232,,1
lauraturner100,hollybleasdale,Directed,1233,,1
lauraturner100,gregjrutherford,Directed,1234,,1
bengregz,andrew_pozzi,Directed,1235,,1
bengregz,mbingham400m,Directed,1236,,1
bengregz,katedennison,Directed,1237,,1
bengregz,discusdan,Directed,1238,,1
bengregz,williamsharman,Directed,1239,,1
mbingham400m,christianm200,Directed,1240,,1
mbingham400m,andrew_pozzi,Directed,1241,,1
mbingham400m,tiffofili,Directed,1242,,1
mbingham400m,katedennison,Directed,1243,,1
mbingham400m,discusdan,Directed,1244,,1
chrissyohuruogu,andrew_pozzi,Directed,1245,,1
chrissyohuruogu,mlewisfrancis,Directed,1246,,1
chrissyohuruogu,tiffofili,Directed,1247,,1
chrissyohuruogu,mbingham400m,Directed,1248,,1
chrissyohuruogu,martynrooney,Directed,1249,,1
emilymaguire23,bethstorry,Directed,1250,,1
emilymaguire23,katewalsh11,Directed,1251,,1
emilymaguire23,h_richardson8,Directed,1252,,1
emilymaguire23,georgietwigg,Directed,1253,,1
emilymaguire23,ashleigh_ball22,Directed,1254,,1
jemmasimpson,clitherbot,Directed,1255,,1
jemmasimpson,paulajradcliffe,Directed,1256,,1
jemmasimpson,hannengland,Directed,1257,,1
jemmasimpson,leemerrien,Directed,1258,,1
jemmasimpson,martynrooney,Directed,1259,,1
hannengland,paulajradcliffe,Directed,1260,,1
hannengland,shakesdrayton,Directed,1261,,1
hannengland,jemmasimpson,Directed,1262,,1
hannengland,hatts_archer,Directed,1263,,1
hannengland,hollybleasdale,Directed,1264,,1
lemonruns,runbadders,Directed,1265,,1
lemonruns,hallisseyc,Directed,1266,,1
lemonruns,jemmasimpson,Directed,1267,,1
lemonruns,jojackson2012,Directed,1268,,1
lemonruns,leemerrien,Directed,1269,,1
blankavlasic,iaaforg,Directed,1270,,1
blankavlasic,mlewisfrancis,Directed,1271,,1
blankavlasic,jemmasimpson,Directed,1272,,1
blankavlasic,englandathletic,Directed,1273,,1
blankavlasic,martynrooney,Directed,1274,,1
hatts_archer,clitherbot,Directed,1275,,1
hatts_archer,jemmasimpson,Directed,1276,,1
hatts_archer,hannengland,Directed,1277,,1
hatts_archer,leemerrien,Directed,1278,,1
hatts_archer,katedennison,Directed,1279,,1
jojackson2012,hallisseyc,Directed,1280,,1
jojackson2012,jemmasimpson,Directed,1281,,1
jojackson2012,hatts_archer,Directed,1282,,1
jojackson2012,leemerrien,Directed,1283,,1
jojackson2012,hollybleasdale,Directed,1284,,1
leemerrien,hallisseyc,Directed,1285,,1
leemerrien,jemmasimpson,Directed,1286,,1
leemerrien,hannengland,Directed,1287,,1
leemerrien,hatts_archer,Directed,1288,,1
leemerrien,jojackson2012,Directed,1289,,1
kellysotherton,tashadanvers,Directed,1290,,1
kellysotherton,daigreene,Directed,1291,,1
kellysotherton,andyturner110h,Directed,1292,,1
kellysotherton,gregjrutherford,Directed,1293,,1
kellysotherton,martynrooney,Directed,1294,,1
rudishadavid,jwariner,Directed,1295,,1
rudishadavid,tashadanvers,Directed,1296,,1
rudishadavid,tiffofili,Directed,1297,,1
rudishadavid,uka_athletics,Directed,1298,,1
rudishadavid,englandathletic,Directed,1299,,1
nicolecooke2012,shanazereade,Directed,1300,,1
nicolecooke2012,liamphillips65,Directed,1301,,1
nicolecooke2012,stevenburke88,Directed,1302,,1
nicolecooke2012,swiftybswift,Directed,1303,,1
nicolecooke2012,petekennaugh,Directed,1304,,1
shanazereade,v_pendleton,Directed,1305,,1
shanazereade,jessvarnish,Directed,1306,,1
shanazereade,liamphillips65,Directed,1307,,1
shanazereade,philip_hindes,Directed,1308,,1
shanazereade,bcreports,Directed,1309,,1
v_pendleton,shanazereade,Directed,1310,,1
v_pendleton,liamphillips65,Directed,1311,,1
v_pendleton,chrishoy,Directed,1312,,1
v_pendleton,lauratrott31,Directed,1313,,1
v_pendleton,joannarowsell,Directed,1314,,1
jessvarnish,shanazereade,Directed,1315,,1
jessvarnish,liamphillips65,Directed,1316,,1
jessvarnish,philip_hindes,Directed,1317,,1
jessvarnish,joannarowsell,Directed,1318,,1
jessvarnish,lewis_oliva,Directed,1319,,1
liamphillips65,shanazereade,Directed,1320,,1
liamphillips65,jessvarnish,Directed,1321,,1
liamphillips65,philip_hindes,Directed,1322,,1
liamphillips65,tennanto,Directed,1323,,1
liamphillips65,joannarowsell,Directed,1324,,1
davedaniell,shanazereade,Directed,1325,,1
davedaniell,liamphillips65,Directed,1326,,1
davedaniell,lauratrott31,Directed,1327,,1
davedaniell,lewis_oliva,Directed,1328,,1
davedaniell,bcreports,Directed,1329,,1
philip_hindes,shanazereade,Directed,1330,,1
philip_hindes,jessvarnish,Directed,1331,,1
philip_hindes,liamphillips65,Directed,1332,,1
philip_hindes,joannarowsell,Directed,1333,,1
philip_hindes,lewis_oliva,Directed,1334,,1
bradwiggins,shanazereade,Directed,1335,,1
bradwiggins,chrishoy,Directed,1336,,1
bradwiggins,markcavendish,Directed,1337,,1
bradwiggins,chris_boardman,Directed,1338,,1
bradwiggins,geraintthomas86,Directed,1339,,1
chrishoy,v_pendleton,Directed,1340,,1
chrishoy,bradwiggins,Directed,1341,,1
chrishoy,lauratrott31,Directed,1342,,1
chrishoy,markcavendish,Directed,1343,,1
chrishoy,geraintthomas86,Directed,1344,,1
470girls,nick_thompo,Directed,1345,,1
470girls,iainpercy,Directed,1346,,1
470girls,katelaven,Directed,1347,,1
470girls,ainslieben,Directed,1348,,1
470girls,andrewbsimpson,Directed,1349,,1
iainpercy,nick_thompo,Directed,1350,,1
iainpercy,470girls,Directed,1351,,1
iainpercy,katelaven,Directed,1352,,1
iainpercy,ainslieben,Directed,1353,,1
iainpercy,andrewbsimpson,Directed,1354,,1
katelaven,isafupdates,Directed,1355,,1
katelaven,nick_thompo,Directed,1356,,1
katelaven,470girls,Directed,1357,,1
katelaven,iainpercy,Directed,1358,,1
katelaven,ainslieben,Directed,1359,,1
ainslieben,nick_thompo,Directed,1360,,1
ainslieben,470girls,Directed,1361,,1
ainslieben,iainpercy,Directed,1362,,1
ainslieben,katelaven,Directed,1363,,1
ainslieben,andrewbsimpson,Directed,1364,,1
andrewbsimpson,britishsailing,Directed,1365,,1
andrewbsimpson,nick_thompo,Directed,1366,,1
andrewbsimpson,470girls,Directed,1367,,1
andrewbsimpson,iainpercy,Directed,1368,,1
andrewbsimpson,ainslieben,Directed,1369,,1
bobby_white_12,lynn_gbhandball,Directed,1370,,1
bobby_white_12,christophermcd_,Directed,1371,,1
bobby_white_12,johnnailspearce,Directed,1372,,1
bobby_white_12,hollyhandball3,Directed,1373,,1
bobby_white_12,gbhandball_mh20,Directed,1374,,1
airlewis,shakesdrayton,Directed,1375,,1
airlewis,andyturner110h,Directed,1376,,1
airlewis,katedennison,Directed,1377,,1
airlewis,gregjrutherford,Directed,1378,,1
airlewis,martynrooney,Directed,1379,,1
holliea2012,hannengland,Directed,1380,,1
holliea2012,airlewis,Directed,1381,,1
holliea2012,katedennison,Directed,1382,,1
holliea2012,hollybleasdale,Directed,1383,,1
holliea2012,mrleepearsoncbe,Directed,1384,,1
andyturner110h,daigreene,Directed,1385,,1
andyturner110h,airlewis,Directed,1386,,1
andyturner110h,hollybleasdale,Directed,1387,,1
andyturner110h,gregjrutherford,Directed,1388,,1
andyturner110h,martynrooney,Directed,1389,,1
katedennison,daigreene,Directed,1390,,1
katedennison,goldiesayers,Directed,1391,,1
katedennison,airlewis,Directed,1392,,1
katedennison,gregjrutherford,Directed,1393,,1
katedennison,martynrooney,Directed,1394,,1
uka_athletics,clitherbot,Directed,1395,,1
uka_athletics,airlewis,Directed,1396,,1
uka_athletics,katedennison,Directed,1397,,1
uka_athletics,englandathletic,Directed,1398,,1
uka_athletics,martynrooney,Directed,1399,,1
discusdan,daigreene,Directed,1400,,1
discusdan,airlewis,Directed,1401,,1
discusdan,andyturner110h,Directed,1402,,1
discusdan,katedennison,Directed,1403,,1
discusdan,martynrooney,Directed,1404,,1
englandathletic,clitherbot,Directed,1405,,1
englandathletic,iaaforg,Directed,1406,,1
englandathletic,airlewis,Directed,1407,,1
englandathletic,andyturner110h,Directed,1408,,1
englandathletic,uka_athletics,Directed,1409,,1
j_ennis,daigreene,Directed,1410,,1
j_ennis,airlewis,Directed,1411,,1
j_ennis,gregjrutherford,Directed,1412,,1
j_ennis,louisehazel,Directed,1413,,1
j_ennis,mo_farah,Directed,1414,,1
hollybleasdale,tiffofili,Directed,1415,,1
hollybleasdale,airlewis,Directed,1416,,1
hollybleasdale,andyturner110h,Directed,1417,,1
hollybleasdale,gregjrutherford,Directed,1418,,1
hollybleasdale,martynrooney,Directed,1419,,1
williamsharman,airlewis,Directed,1420,,1
williamsharman,andyturner110h,Directed,1421,,1
williamsharman,katedennison,Directed,1422,,1
williamsharman,martynrooney,Directed,1423,,1
williamsharman,louisehazel,Directed,1424,,1
gregjrutherford,kellysotherton,Directed,1425,,1
gregjrutherford,airlewis,Directed,1426,,1
gregjrutherford,andyturner110h,Directed,1427,,1
gregjrutherford,hollybleasdale,Directed,1428,,1
gregjrutherford,martynrooney,Directed,1429,,1
martynrooney,daigreene,Directed,1430,,1
martynrooney,airlewis,Directed,1431,,1
martynrooney,andyturner110h,Directed,1432,,1
martynrooney,katedennison,Directed,1433,,1
martynrooney,uka_athletics,Directed,1434,,1
vballengland,britishhandball,Directed,1435,,1
vballengland,djbeachvolley,Directed,1436,,1
vballengland,greggweaver062,Directed,1437,,1
vballengland,zara_dampney,Directed,1438,,1
vballengland,lucy_boulton,Directed,1439,,1
eha_official,britishhandball,Directed,1440,,1
eha_official,christophermcd_,Directed,1441,,1
eha_official,johnnailspearce,Directed,1442,,1
eha_official,hollyhandball3,Directed,1443,,1
eha_official,laurainnes1989,Directed,1444,,1
adambrownswim,mrgrantturner,Directed,1445,,1
adambrownswim,walkerhebborn,Directed,1446,,1
adambrownswim,roberto_pavoni,Directed,1447,,1
adambrownswim,antonyjamesfly,Directed,1448,,1
adambrownswim,swimmerross,Directed,1449,,1
swimmerross,mrgrantturner,Directed,1450,,1
swimmerross,jamesgoddard83,Directed,1451,,1
swimmerross,adambrownswim,Directed,1452,,1
swimmerross,joannejackson86,Directed,1453,,1
swimmerross,caitmcclatchey,Directed,1454,,1
iwfnet,planetcanoe,Directed,1455,,1
iwfnet,uipm_hq,Directed,1456,,1
iwfnet,issf_shooting,Directed,1457,,1
iwfnet,ittfworld,Directed,1458,,1
iwfnet,sonnywebstergb,Directed,1459,,1
cedwardsboxing,scottycardle,Directed,1460,,1
cedwardsboxing,warrenbaister,Directed,1461,,1
cedwardsboxing,danny_price,Directed,1462,,1
cedwardsboxing,callumsmith23,Directed,1463,,1
cedwardsboxing,thomasstalker1,Directed,1464,,1
scottycardle,cedwardsboxing,Directed,1465,,1
scottycardle,warrenbaister,Directed,1466,,1
scottycardle,danny_price,Directed,1467,,1
scottycardle,callumsmith23,Directed,1468,,1
scottycardle,thomasstalker1,Directed,1469,,1
iam_yafai,cedwardsboxing,Directed,1470,,1
iam_yafai,scottycardle,Directed,1471,,1
iam_yafai,warrenbaister,Directed,1472,,1
iam_yafai,gamal_yafai,Directed,1473,,1
iam_yafai,callumsmith23,Directed,1474,,1
warrenbaister,cedwardsboxing,Directed,1475,,1
warrenbaister,scottycardle,Directed,1476,,1
warrenbaister,danny_price,Directed,1477,,1
warrenbaister,gamal_yafai,Directed,1478,,1
warrenbaister,callumsmith23,Directed,1479,,1
danny_price,cedwardsboxing,Directed,1480,,1
danny_price,scottycardle,Directed,1481,,1
danny_price,warrenbaister,Directed,1482,,1
danny_price,gamal_yafai,Directed,1483,,1
danny_price,callumsmith23,Directed,1484,,1
gbboxing,cedwardsboxing,Directed,1485,,1
gbboxing,warrenbaister,Directed,1486,,1
gbboxing,danny_price,Directed,1487,,1
gbboxing,callumsmith23,Directed,1488,,1
gbboxing,thomasstalker1,Directed,1489,,1
anthonyogogo,cedwardsboxing,Directed,1490,,1
anthonyogogo,warrenbaister,Directed,1491,,1
anthonyogogo,luke11campbell,Directed,1492,,1
anthonyogogo,thomasstalker1,Directed,1493,,1
anthonyogogo,tashajonas,Directed,1494,,1
iainweaver,cedwardsboxing,Directed,1495,,1
iainweaver,danny_price,Directed,1496,,1
iainweaver,callumsmith23,Directed,1497,,1
iainweaver,thomasstalker1,Directed,1498,,1
iainweaver,tashajonas,Directed,1499,,1
luke11campbell,cedwardsboxing,Directed,1500,,1
luke11campbell,warrenbaister,Directed,1501,,1
luke11campbell,smarshall1991,Directed,1502,,1
luke11campbell,thomasstalker1,Directed,1503,,1
luke11campbell,tashajonas,Directed,1504,,1
smarshall1991,cedwardsboxing,Directed,1505,,1
smarshall1991,warrenbaister,Directed,1506,,1
smarshall1991,luke11campbell,Directed,1507,,1
smarshall1991,thomasstalker1,Directed,1508,,1
smarshall1991,tashajonas,Directed,1509,,1
gamal_yafai,cedwardsboxing,Directed,1510,,1
gamal_yafai,scottycardle,Directed,1511,,1
gamal_yafai,warrenbaister,Directed,1512,,1
gamal_yafai,danny_price,Directed,1513,,1
gamal_yafai,callumsmith23,Directed,1514,,1
ucitrackworlds,cyclingaustrack,Directed,1515,,1
ucitrackworlds,bccoaches,Directed,1516,,1
ucitrackworlds,bloomy181,Directed,1517,,1
ucitrackworlds,lewis_oliva,Directed,1518,,1
ucitrackworlds,johnmacleary,Directed,1519,,1
cyclingaustrack,jessvarnish,Directed,1520,,1
cyclingaustrack,chris_boardman,Directed,1521,,1
cyclingaustrack,johnmacleary,Directed,1522,,1
cyclingaustrack,bcreports,Directed,1523,,1
cyclingaustrack,swiftybswift,Directed,1524,,1
asharandall,katiec_23,Directed,1525,,1
asharandall,synchroks,Directed,1526,,1
asharandall,jennartweets,Directed,1527,,1
asharandall,vickilucass,Directed,1528,,1
asharandall,synchrod,Directed,1529,,1
katiec_23,asharandall,Directed,1530,,1
katiec_23,synchroks,Directed,1531,,1
katiec_23,vickilucass,Directed,1532,,1
katiec_23,synchrod,Directed,1533,,1
katiec_23,yvettebaker91,Directed,1534,,1
synchroks,asharandall,Directed,1535,,1
synchroks,katiec_23,Directed,1536,,1
synchroks,jknobbs,Directed,1537,,1
synchroks,yvettebaker91,Directed,1538,,1
synchroks,olivia_federici,Directed,1539,,1
jennartweets,asharandall,Directed,1540,,1
jennartweets,katiec_23,Directed,1541,,1
jennartweets,vickilucass,Directed,1542,,1
jennartweets,synchrod,Directed,1543,,1
jennartweets,olivia_federici,Directed,1544,,1
vickilucass,asharandall,Directed,1545,,1
vickilucass,katiec_23,Directed,1546,,1
vickilucass,synchroks,Directed,1547,,1
vickilucass,synchrod,Directed,1548,,1
vickilucass,yvettebaker91,Directed,1549,,1
synchrod,asharandall,Directed,1550,,1
synchrod,katiec_23,Directed,1551,,1
synchrod,synchroks,Directed,1552,,1
synchrod,vickilucass,Directed,1553,,1
synchrod,yvettebaker91,Directed,1554,,1
leonrwrestler,moniquegladding,Directed,1555,,1
leonrwrestler,iam_yafai,Directed,1556,,1
leonrwrestler,asharandall,Directed,1557,,1
leonrwrestler,katiec_23,Directed,1558,,1
leonrwrestler,synchroloz,Directed,1559,,1
lauratrott31,markcavendish,Directed,1560,,1
lauratrott31,tennanto,Directed,1561,,1
lauratrott31,joannarowsell,Directed,1562,,1
lauratrott31,stevenburke88,Directed,1563,,1
lauratrott31,swiftybswift,Directed,1564,,1
markcavendish,bradwiggins,Directed,1565,,1
markcavendish,chrishoy,Directed,1566,,1
markcavendish,lauratrott31,Directed,1567,,1
markcavendish,chris_boardman,Directed,1568,,1
markcavendish,swiftybswift,Directed,1569,,1
usainbolt,paulajradcliffe,Directed,1570,,1
usainbolt,j_ennis,Directed,1571,,1
usainbolt,gregjrutherford,Directed,1572,,1
usainbolt,markcavendish,Directed,1573,,1
usainbolt,mo_farah,Directed,1574,,1
chris_boardman,liamphillips65,Directed,1575,,1
chris_boardman,davedaniell,Directed,1576,,1
chris_boardman,markcavendish,Directed,1577,,1
chris_boardman,bcreports,Directed,1578,,1
chris_boardman,swiftybswift,Directed,1579,,1
usfencing,katherinekempe,Directed,1580,,1
usfencing,jthorntongbr,Directed,1581,,1
usfencing,laurencehalsted,Directed,1582,,1
usfencing,annabentleygbr,Directed,1583,,1
usfencing,scottishfencing,Directed,1584,,1
jordyn_wieber,michaelphelps,Directed,1585,,1
jordyn_wieber,dianalopez25,Directed,1586,,1
jordyn_wieber,stevenlopeztkd,Directed,1587,,1
jordyn_wieber,shawnjohnson,Directed,1588,,1
jordyn_wieber,officialfig,Directed,1589,,1
tkd_america,dianalopez25,Directed,1590,,1
tkd_america,stevenlopeztkd,Directed,1591,,1
tkd_america,usa_taekwondo,Directed,1592,,1
tkd_america,teamgbtaekwondo,Directed,1593,,1
tkd_america,mstamper_tkd,Directed,1594,,1
usawp,mikebourne2,Directed,1595,,1
usawp,ec93,Directed,1596,,1
usawp,craigfigesgbwp,Directed,1597,,1
usawp,usagym,Directed,1598,,1
usawp,vicbowen,Directed,1599,,1
gbmenswaterpolo,mikebourne2,Directed,1600,,1
gbmenswaterpolo,gb_wpolo_girls,Directed,1601,,1
gbmenswaterpolo,chloewilcox86,Directed,1602,,1
gbmenswaterpolo,craigfigesgbwp,Directed,1603,,1
gbmenswaterpolo,vicbowen,Directed,1604,,1
richardlawlor,mikebourne2,Directed,1605,,1
richardlawlor,craigfigesgbwp,Directed,1606,,1
richardlawlor,joregan91,Directed,1607,,1
richardlawlor,sdking4,Directed,1608,,1
richardlawlor,jdwaller6,Directed,1609,,1
joannejackson86,mrgrantturner,Directed,1610,,1
joannejackson86,joeroebuck,Directed,1611,,1
joannejackson86,swimmerross,Directed,1612,,1
joannejackson86,katehaywood,Directed,1613,,1
joannejackson86,caitmcclatchey,Directed,1614,,1
callumsmith23,scottycardle,Directed,1615,,1
callumsmith23,warrenbaister,Directed,1616,,1
callumsmith23,danny_price,Directed,1617,,1
callumsmith23,gamal_yafai,Directed,1618,,1
callumsmith23,thomasstalker1,Directed,1619,,1
bccoaches,chris_boardman,Directed,1620,,1
bccoaches,tennanto,Directed,1621,,1
bccoaches,joannarowsell,Directed,1622,,1
bccoaches,johnmacleary,Directed,1623,,1
bccoaches,bcreports,Directed,1624,,1
bengordon8,dan00clark,Directed,1625,,1
bengordon8,engbasketball,Directed,1626,,1
bengordon8,popsmbonsu,Directed,1627,,1
bengordon8,basketballscot,Directed,1628,,1
bengordon8,devonvanoostrum,Directed,1629,,1
dan00clark,rachvanderwal,Directed,1630,,1
dan00clark,juliepage10,Directed,1631,,1
dan00clark,luoldeng9,Directed,1632,,1
dan00clark,popsmbonsu,Directed,1633,,1
dan00clark,gbbasketball,Directed,1634,,1
chan2211,dan00clark,Directed,1635,,1
chan2211,rachvanderwal,Directed,1636,,1
chan2211,juliepage10,Directed,1637,,1
chan2211,luoldeng9,Directed,1638,,1
chan2211,popsmbonsu,Directed,1639,,1
smantell8,rob13moore,Directed,1640,,1
smantell8,jontyclarke,Directed,1641,,1
smantell8,markpearn3,Directed,1642,,1
smantell8,jimmyt20,Directed,1643,,1
smantell8,benhawes14,Directed,1644,,1
markpearn3,rob13moore,Directed,1645,,1
markpearn3,jontyclarke,Directed,1646,,1
markpearn3,jfair25,Directed,1647,,1
markpearn3,jimmyt20,Directed,1648,,1
markpearn3,adamdixon16,Directed,1649,,1
nickcatlin8,rob13moore,Directed,1650,,1
nickcatlin8,jfair25,Directed,1651,,1
nickcatlin8,rs_smudge,Directed,1652,,1
nickcatlin8,benhawes14,Directed,1653,,1
nickcatlin8,adamdixon16,Directed,1654,,1
aliwilson17,rob13moore,Directed,1655,,1
aliwilson17,gcp01,Directed,1656,,1
aliwilson17,jfair25,Directed,1657,,1
aliwilson17,iainlewers,Directed,1658,,1
aliwilson17,adamdixon16,Directed,1659,,1
jimmyt20,rob13moore,Directed,1660,,1
jimmyt20,jontyclarke,Directed,1661,,1
jimmyt20,jfair25,Directed,1662,,1
jimmyt20,markpearn3,Directed,1663,,1
jimmyt20,benhawes14,Directed,1664,,1
iainlewers,rob13moore,Directed,1665,,1
iainlewers,jfair25,Directed,1666,,1
iainlewers,aliwilson17,Directed,1667,,1
iainlewers,harrymartin_9,Directed,1668,,1
iainlewers,ashleyjackson7,Directed,1669,,1
rs_smudge,rob13moore,Directed,1670,,1
rs_smudge,jontyclarke,Directed,1671,,1
rs_smudge,jfair25,Directed,1672,,1
rs_smudge,jimmyt20,Directed,1673,,1
rs_smudge,iainlewers,Directed,1674,,1
benhawes14,rob13moore,Directed,1675,,1
benhawes14,jfair25,Directed,1676,,1
benhawes14,aliwilson17,Directed,1677,,1
benhawes14,iainlewers,Directed,1678,,1
benhawes14,ashleyjackson7,Directed,1679,,1
sarahbarrow,rgallantree,Directed,1680,,1
sarahbarrow,moniquegladding,Directed,1681,,1
sarahbarrow,toniacouch,Directed,1682,,1
sarahbarrow,powellstacie,Directed,1683,,1
sarahbarrow,jacklaugher,Directed,1684,,1
divingbarcelona,rgallantree,Directed,1685,,1
divingbarcelona,toniacouch,Directed,1686,,1
divingbarcelona,kassidycook1,Directed,1687,,1
divingbarcelona,sarahbarrow,Directed,1688,,1
divingbarcelona,powellstacie,Directed,1689,,1
reubenross,rgallantree,Directed,1690,,1
reubenross,kassidycook1,Directed,1691,,1
reubenross,christinaloukas,Directed,1692,,1
reubenross,davidboudia,Directed,1693,,1
reubenross,adfleshner,Directed,1694,,1
peterwaterfield,rgallantree,Directed,1695,,1
peterwaterfield,moniquegladding,Directed,1696,,1
peterwaterfield,toniacouch,Directed,1697,,1
peterwaterfield,powellstacie,Directed,1698,,1
peterwaterfield,aliciablagg,Directed,1699,,1
powellstacie,rgallantree,Directed,1700,,1
powellstacie,toniacouch,Directed,1701,,1
powellstacie,sarahbarrow,Directed,1702,,1
powellstacie,peterwaterfield,Directed,1703,,1
powellstacie,aliciablagg,Directed,1704,,1
steve_gladding,rgallantree,Directed,1705,,1
steve_gladding,megandiver,Directed,1706,,1
steve_gladding,sarahbarrow,Directed,1707,,1
steve_gladding,divingbarcelona,Directed,1708,,1
steve_gladding,powellstacie,Directed,1709,,1
aliciablagg,rgallantree,Directed,1710,,1
aliciablagg,moniquegladding,Directed,1711,,1
aliciablagg,toniacouch,Directed,1712,,1
aliciablagg,powellstacie,Directed,1713,,1
aliciablagg,jacklaugher,Directed,1714,,1
britshowjumping,oliver_townend,Directed,1715,,1
britshowjumping,teamgbr,Directed,1716,,1
britshowjumping,hesterdressage,Directed,1717,,1
britshowjumping,britishdressage,Directed,1718,,1
britshowjumping,teamwilliamsgbr,Directed,1719,,1
teamgbr,iamtimstockdale,Directed,1720,,1
teamgbr,britshowjumping,Directed,1721,,1
teamgbr,hesterdressage,Directed,1722,,1
teamgbr,britishdressage,Directed,1723,,1
teamgbr,skeltonnick,Directed,1724,,1
hesterdressage,oliver_townend,Directed,1725,,1
hesterdressage,britshowjumping,Directed,1726,,1
hesterdressage,teamgbr,Directed,1727,,1
hesterdressage,mteventing,Directed,1728,,1
hesterdressage,britishdressage,Directed,1729,,1
mteventing,teamgbr,Directed,1730,,1
mteventing,hesterdressage,Directed,1731,,1
mteventing,britishdressage,Directed,1732,,1
mteventing,skeltonnick,Directed,1733,,1
mteventing,teamwilliamsgbr,Directed,1734,,1
britishdressage,harry_meade,Directed,1735,,1
britishdressage,teamgbr,Directed,1736,,1
britishdressage,hesterdressage,Directed,1737,,1
britishdressage,mteventing,Directed,1738,,1
britishdressage,teamwilliamsgbr,Directed,1739,,1
skeltonnick,iamtimstockdale,Directed,1740,,1
skeltonnick,harry_meade,Directed,1741,,1
skeltonnick,britshowjumping,Directed,1742,,1
skeltonnick,teamgbr,Directed,1743,,1
skeltonnick,mteventing,Directed,1744,,1
ankyvangrunsven,harry_meade,Directed,1745,,1
ankyvangrunsven,teamgbr,Directed,1746,,1
ankyvangrunsven,mteventing,Directed,1747,,1
ankyvangrunsven,britishdressage,Directed,1748,,1
ankyvangrunsven,mrleepearsoncbe,Directed,1749,,1
nrod2012,watkinsteamgb,Directed,1750,,1
nrod2012,marcus_bateman,Directed,1751,,1
nrod2012,gbrowingteam,Directed,1752,,1
nrod2012,andrewthodge,Directed,1753,,1
nrod2012,cameronnicholgb,Directed,1754,,1
markhuntergb,watkinsteamgb,Directed,1755,,1
markhuntergb,2012parters,Directed,1756,,1
markhuntergb,gbrowingteam,Directed,1757,,1
markhuntergb,nrod2012,Directed,1758,,1
markhuntergb,cameronnicholgb,Directed,1759,,1
bethrodford,watkinsteamgb,Directed,1760,,1
bethrodford,2012parters,Directed,1761,,1
bethrodford,hes888,Directed,1762,,1
bethrodford,andrewthodge,Directed,1763,,1
bethrodford,markhuntergb,Directed,1764,,1
jacklaugher,moniquegladding,Directed,1765,,1
jacklaugher,toniacouch,Directed,1766,,1
jacklaugher,sarahbarrow,Directed,1767,,1
jacklaugher,powellstacie,Directed,1768,,1
jacklaugher,aliciablagg,Directed,1769,,1
tomdaley1994,moniquegladding,Directed,1770,,1
tomdaley1994,louissmith1989,Directed,1771,,1
tomdaley1994,sarahbarrow,Directed,1772,,1
tomdaley1994,aliciablagg,Directed,1773,,1
tomdaley1994,jacklaugher,Directed,1774,,1
cameronnicholgb,marcus_bateman,Directed,1775,,1
cameronnicholgb,gbrowingteam,Directed,1776,,1
cameronnicholgb,andrewthodge,Directed,1777,,1
cameronnicholgb,nrod2012,Directed,1778,,1
cameronnicholgb,markhuntergb,Directed,1779,,1
scottisharchery,archeryalison,Directed,1780,,1
scottisharchery,worldarchery,Directed,1781,,1
scottisharchery,archerynicky,Directed,1782,,1
scottisharchery,archeryburgess,Directed,1783,,1
scottisharchery,2012amy,Directed,1784,,1
sarahclark_judo,euan_burton,Directed,1785,,1
sarahclark_judo,britishjudo,Directed,1786,,1
sarahclark_judo,ashleymckenzi12,Directed,1787,,1
sarahclark_judo,bigyin78,Directed,1788,,1
sarahclark_judo,sophiejsays,Directed,1789,,1
euan_burton,sarahclark_judo,Directed,1790,,1
euan_burton,britishjudo,Directed,1791,,1
euan_burton,ashleymckenzi12,Directed,1792,,1
euan_burton,bigyin78,Directed,1793,,1
euan_burton,sophiejsays,Directed,1794,,1
britishjudo,usajudo,Directed,1795,,1
britishjudo,sarahclark_judo,Directed,1796,,1
britishjudo,euan_burton,Directed,1797,,1
britishjudo,sophiejsays,Directed,1798,,1
britishjudo,judoscotland,Directed,1799,,1
ashleymckenzi12,sjlowe,Directed,1800,,1
ashleymckenzi12,sarahclark_judo,Directed,1801,,1
ashleymckenzi12,euan_burton,Directed,1802,,1
ashleymckenzi12,bigyin78,Directed,1803,,1
ashleymckenzi12,sophiejsays,Directed,1804,,1
kirkbridepeter,robbierenwick,Directed,1805,,1
kirkbridepeter,hannahmiley89,Directed,1806,,1
kirkbridepeter,jamesgoddard83,Directed,1807,,1
kirkbridepeter,davidcarry,Directed,1808,,1
kirkbridepeter,euan_burton,Directed,1809,,1
bigyin78,sarahclark_judo,Directed,1810,,1
bigyin78,euan_burton,Directed,1811,,1
bigyin78,ashleymckenzi12,Directed,1812,,1
bigyin78,sophiejsays,Directed,1813,,1
bigyin78,judoscotland,Directed,1814,,1
robertbouten,planetcanoe,Directed,1815,,1
robertbouten,richardhounslow,Directed,1816,,1
robertbouten,paulwycherley,Directed,1817,,1
robertbouten,hayleigh_mason,Directed,1818,,1
robertbouten,gbcanoeing,Directed,1819,,1
liampitchford,christophermcd_,Directed,1820,,1
liampitchford,ettatabletennis,Directed,1821,,1
liampitchford,chloewhyte,Directed,1822,,1
liampitchford,sible2109,Directed,1823,,1
liampitchford,pdrinkhall,Directed,1824,,1
jdwaller6,chloewilcox86,Directed,1825,,1
jdwaller6,angiewsmith10,Directed,1826,,1
jdwaller6,craigfigesgbwp,Directed,1827,,1
jdwaller6,joregan91,Directed,1828,,1
jdwaller6,sdking4,Directed,1829,,1
damekellyholmes,clitherbot,Directed,1830,,1
damekellyholmes,paulajradcliffe,Directed,1831,,1
damekellyholmes,goldiesayers,Directed,1832,,1
damekellyholmes,j_ennis,Directed,1833,,1
damekellyholmes,gregjrutherford,Directed,1834,,1
katehaywood,robbierenwick,Directed,1835,,1
katehaywood,mrgrantturner,Directed,1836,,1
katehaywood,swimmerross,Directed,1837,,1
katehaywood,joannejackson86,Directed,1838,,1
katehaywood,caitmcclatchey,Directed,1839,,1
djbeachvolley,gbrvolleyball,Directed,1840,,1
djbeachvolley,shuvolleygb,Directed,1841,,1
djbeachvolley,vballengland,Directed,1842,,1
djbeachvolley,zara_dampney,Directed,1843,,1
djbeachvolley,lucy_boulton,Directed,1844,,1
greggweaver062,shuvolleygb,Directed,1845,,1
greggweaver062,vballengland,Directed,1846,,1
greggweaver062,djbeachvolley,Directed,1847,,1
greggweaver062,zara_dampney,Directed,1848,,1
greggweaver062,lucy_boulton,Directed,1849,,1
zara_dampney,shuvolleygb,Directed,1850,,1
zara_dampney,vballengland,Directed,1851,,1
zara_dampney,djbeachvolley,Directed,1852,,1
zara_dampney,greggweaver062,Directed,1853,,1
zara_dampney,lucy_boulton,Directed,1854,,1
beach_volley_uk,shuvolleygb,Directed,1855,,1
beach_volley_uk,vballengland,Directed,1856,,1
beach_volley_uk,djbeachvolley,Directed,1857,,1
beach_volley_uk,greggweaver062,Directed,1858,,1
beach_volley_uk,lucy_boulton,Directed,1859,,1
lucy_boulton,shuvolleygb,Directed,1860,,1
lucy_boulton,vballengland,Directed,1861,,1
lucy_boulton,djbeachvolley,Directed,1862,,1
lucy_boulton,greggweaver062,Directed,1863,,1
lucy_boulton,zara_dampney,Directed,1864,,1
adamdixon16,gcp01,Directed,1865,,1
adamdixon16,jfair25,Directed,1866,,1
adamdixon16,markpearn3,Directed,1867,,1
adamdixon16,aliwilson17,Directed,1868,,1
adamdixon16,iainlewers,Directed,1869,,1
darrencheesman,englandhockey,Directed,1870,,1
darrencheesman,markpearn3,Directed,1871,,1
darrencheesman,jimmyt20,Directed,1872,,1
darrencheesman,rs_smudge,Directed,1873,,1
darrencheesman,menshockey2012,Directed,1874,,1
bwfmedia,rajivouseph,Directed,1875,,1
bwfmedia,jennywallwork,Directed,1876,,1
bwfmedia,jessicamayne_x,Directed,1877,,1
bwfmedia,badmlntonenglnd,Directed,1878,,1
bwfmedia,mariana251,Directed,1879,,1
badmlntonenglnd,rajivouseph,Directed,1880,,1
badmlntonenglnd,gabbywhite011,Directed,1881,,1
badmlntonenglnd,jennywallwork,Directed,1882,,1
badmlntonenglnd,jessicamayne_x,Directed,1883,,1
badmlntonenglnd,bwfmedia,Directed,1884,,1
scott_evans1,rajivouseph,Directed,1885,,1
scott_evans1,gabbywhite011,Directed,1886,,1
scott_evans1,jennywallwork,Directed,1887,,1
scott_evans1,jessicamayne_x,Directed,1888,,1
scott_evans1,badmlntonenglnd,Directed,1889,,1
cann213,rajivouseph,Directed,1890,,1
cann213,gabbywhite011,Directed,1891,,1
cann213,jennywallwork,Directed,1892,,1
cann213,bwfmedia,Directed,1893,,1
cann213,mariana251,Directed,1894,,1
mariana251,rajivouseph,Directed,1895,,1
mariana251,gabbywhite011,Directed,1896,,1
mariana251,nath_robertson,Directed,1897,,1
mariana251,jessicamayne_x,Directed,1898,,1
mariana251,scott_evans1,Directed,1899,,1
adfleshner,kassidycook1,Directed,1900,,1
adfleshner,christinaloukas,Directed,1901,,1
adfleshner,davidboudia,Directed,1902,,1
adfleshner,reubenross,Directed,1903,,1
adfleshner,powellstacie,Directed,1904,,1
whouvenaghel,jessvarnish,Directed,1905,,1
whouvenaghel,liamphillips65,Directed,1906,,1
whouvenaghel,lauratrott31,Directed,1907,,1
whouvenaghel,tennanto,Directed,1908,,1
whouvenaghel,joannarowsell,Directed,1909,,1
tennanto,liamphillips65,Directed,1910,,1
tennanto,lauratrott31,Directed,1911,,1
tennanto,stevenburke88,Directed,1912,,1
tennanto,swiftybswift,Directed,1913,,1
tennanto,petekennaugh,Directed,1914,,1
joannarowsell,liamphillips65,Directed,1915,,1
joannarowsell,lauratrott31,Directed,1916,,1
joannarowsell,stevenburke88,Directed,1917,,1
joannarowsell,bcreports,Directed,1918,,1
joannarowsell,geraintthomas86,Directed,1919,,1
stevenburke88,lauratrott31,Directed,1920,,1
stevenburke88,tennanto,Directed,1921,,1
stevenburke88,joannarowsell,Directed,1922,,1
stevenburke88,swiftybswift,Directed,1923,,1
stevenburke88,petekennaugh,Directed,1924,,1
teamwilliamsgbr,oliver_townend,Directed,1925,,1
teamwilliamsgbr,iamtimstockdale,Directed,1926,,1
teamwilliamsgbr,harry_meade,Directed,1927,,1
teamwilliamsgbr,britshowjumping,Directed,1928,,1
teamwilliamsgbr,mteventing,Directed,1929,,1
andrewselby1,iam_yafai,Directed,1930,,1
andrewselby1,luke11campbell,Directed,1931,,1
andrewselby1,smarshall1991,Directed,1932,,1
andrewselby1,gamal_yafai,Directed,1933,,1
andrewselby1,thomasstalker1,Directed,1934,,1
nicolaadams2012,iam_yafai,Directed,1935,,1
nicolaadams2012,luke11campbell,Directed,1936,,1
nicolaadams2012,smarshall1991,Directed,1937,,1
nicolaadams2012,thomasstalker1,Directed,1938,,1
nicolaadams2012,tashajonas,Directed,1939,,1
thomasstalker1,iam_yafai,Directed,1940,,1
thomasstalker1,warrenbaister,Directed,1941,,1
thomasstalker1,luke11campbell,Directed,1942,,1
thomasstalker1,callumsmith23,Directed,1943,,1
thomasstalker1,tashajonas,Directed,1944,,1
tashajonas,warrenbaister,Directed,1945,,1
tashajonas,luke11campbell,Directed,1946,,1
tashajonas,smarshall1991,Directed,1947,,1
tashajonas,nicolaadams2012,Directed,1948,,1
tashajonas,thomasstalker1,Directed,1949,,1
officialfig,anniebarts,Directed,1950,,1
officialfig,danusiafrancis,Directed,1951,,1
officialfig,bgmediateam,Directed,1952,,1
officialfig,jempin515,Directed,1953,,1
officialfig,hannahkwhelan,Directed,1954,,1
mgwrestling,chooky13,Directed,1955,,1
mgwrestling,danny_price,Directed,1956,,1
mgwrestling,smarshall1991,Directed,1957,,1
mgwrestling,leonrwrestler,Directed,1958,,1
mgwrestling,djsweeneygb,Directed,1959,,1
djsweeneygb,chooky13,Directed,1960,,1
djsweeneygb,smarshall1991,Directed,1961,,1
djsweeneygb,leonrwrestler,Directed,1962,,1
djsweeneygb,ashleymckenzi12,Directed,1963,,1
djsweeneygb,mgwrestling,Directed,1964,,1
kenenisabekele,paulajradcliffe,Directed,1965,,1
kenenisabekele,lemonruns,Directed,1966,,1
kenenisabekele,jojackson2012,Directed,1967,,1
kenenisabekele,leemerrien,Directed,1968,,1
kenenisabekele,katedennison,Directed,1969,,1
ettatabletennis,dariusknight,Directed,1970,,1
ettatabletennis,liampitchford,Directed,1971,,1
ettatabletennis,chloewhyte,Directed,1972,,1
ettatabletennis,sible2109,Directed,1973,,1
ettatabletennis,pdrinkhall,Directed,1974,,1
chloewhyte,dariusknight,Directed,1975,,1
chloewhyte,liampitchford,Directed,1976,,1
chloewhyte,ettatabletennis,Directed,1977,,1
chloewhyte,sible2109,Directed,1978,,1
chloewhyte,pdrinkhall,Directed,1979,,1
sible2109,gbhandball_mh20,Directed,1980,,1
sible2109,dariusknight,Directed,1981,,1
sible2109,liampitchford,Directed,1982,,1
sible2109,chloewhyte,Directed,1983,,1
sible2109,pdrinkhall,Directed,1984,,1
pdrinkhall,dariusknight,Directed,1985,,1
pdrinkhall,liampitchford,Directed,1986,,1
pdrinkhall,chloewhyte,Directed,1987,,1
pdrinkhall,sible2109,Directed,1988,,1
pdrinkhall,mstamper_tkd,Directed,1989,,1
ittfworld,liampitchford,Directed,1990,,1
ittfworld,ettatabletennis,Directed,1991,,1
ittfworld,chloewhyte,Directed,1992,,1
ittfworld,sible2109,Directed,1993,,1
ittfworld,pdrinkhall,Directed,1994,,1
jessicawalker10,paulwycherley,Directed,1995,,1
jessicawalker10,hayleigh_mason,Directed,1996,,1
jessicawalker10,rachelcawthorn,Directed,1997,,1
jessicawalker10,lanibelcher,Directed,1998,,1
jessicawalker10,louisasawers,Directed,1999,,1
sophiejsays,sarahclark_judo,Directed,2000,,1
sophiejsays,britishjudo,Directed,2001,,1
sophiejsays,ashleymckenzi12,Directed,2002,,1
sophiejsays,bigyin78,Directed,2003,,1
sophiejsays,judoscotland,Directed,2004,,1
judo_kayla,dannyharper2012,Directed,2005,,1
judo_kayla,sarahclark_judo,Directed,2006,,1
judo_kayla,ashleymckenzi12,Directed,2007,,1
judo_kayla,bigyin78,Directed,2008,,1
judo_kayla,sophiejsays,Directed,2009,,1
judoscotland,sarahclark_judo,Directed,2010,,1
judoscotland,britishjudo,Directed,2011,,1
judoscotland,ashleymckenzi12,Directed,2012,,1
judoscotland,bigyin78,Directed,2013,,1
judoscotland,sophiejsays,Directed,2014,,1
mrleepearsoncbe,oliver_townend,Directed,2015,,1
mrleepearsoncbe,harry_meade,Directed,2016,,1
mrleepearsoncbe,hesterdressage,Directed,2017,,1
mrleepearsoncbe,britishdressage,Directed,2018,,1
mrleepearsoncbe,teamwilliamsgbr,Directed,2019,,1
jknobbs,katiec_23,Directed,2020,,1
jknobbs,synchroks,Directed,2021,,1
jknobbs,vickilucass,Directed,2022,,1
jknobbs,yvettebaker91,Directed,2023,,1
jknobbs,olivia_federici,Directed,2024,,1
yvettebaker91,katiec_23,Directed,2025,,1
yvettebaker91,synchroks,Directed,2026,,1
yvettebaker91,vickilucass,Directed,2027,,1
yvettebaker91,jknobbs,Directed,2028,,1
yvettebaker91,olivia_federici,Directed,2029,,1
abrogdon11,jontyclarke,Directed,2030,,1
abrogdon11,niallstott16,Directed,2031,,1
abrogdon11,jfair25,Directed,2032,,1
abrogdon11,iainlewers,Directed,2033,,1
abrogdon11,adamdixon16,Directed,2034,,1
markgleghorne,richm6,Directed,2035,,1
markgleghorne,andyhalliday3,Directed,2036,,1
markgleghorne,aliwilson17,Directed,2037,,1
markgleghorne,abrogdon11,Directed,2038,,1
markgleghorne,ashleyjackson7,Directed,2039,,1
jesshopton1,jessicamayne_x,Directed,2040,,1
jesshopton1,bwfmedia,Directed,2041,,1
jesshopton1,scott_evans1,Directed,2042,,1
jesshopton1,mariana251,Directed,2043,,1
jesshopton1,badaust,Directed,2044,,1
britishtennis,andy_murray,Directed,2045,,1
britishtennis,elenabaltacha,Directed,2046,,1
britishtennis,brittri,Directed,2047,,1
britishtennis,vballengland,Directed,2048,,1
britishtennis,ettatabletennis,Directed,2049,,1
kizzleroberts,fie_en,Directed,2050,,1
kizzleroberts,katherinekempe,Directed,2051,,1
kizzleroberts,sophie_a_w,Directed,2052,,1
kizzleroberts,chrystalln,Directed,2053,,1
kizzleroberts,acbilardi,Directed,2054,,1
robyn_nicholls,rdrabswaterpolo,Directed,2055,,1
robyn_nicholls,chloewilcox86,Directed,2056,,1
robyn_nicholls,angiewsmith10,Directed,2057,,1
robyn_nicholls,vicbowen,Directed,2058,,1
robyn_nicholls,rosiemorris86,Directed,2059,,1
jaddsmith,rdrabswaterpolo,Directed,2060,,1
jaddsmith,angiewsmith10,Directed,2061,,1
jaddsmith,robyn_nicholls,Directed,2062,,1
jaddsmith,vicbowen,Directed,2063,,1
jaddsmith,francescasnell,Directed,2064,,1
chrystalln,katherinekempe,Directed,2065,,1
chrystalln,jthorntongbr,Directed,2066,,1
chrystalln,annabentleygbr,Directed,2067,,1
chrystalln,kizzleroberts,Directed,2068,,1
chrystalln,acbilardi,Directed,2069,,1
acbilardi,katherinekempe,Directed,2070,,1
acbilardi,annabentleygbr,Directed,2071,,1
acbilardi,sophie_a_w,Directed,2072,,1
acbilardi,kizzleroberts,Directed,2073,,1
acbilardi,chrystalln,Directed,2074,,1
bethtweddlenews,louissmith1989,Directed,2075,,1
bethtweddlenews,danusiafrancis,Directed,2076,,1
bethtweddlenews,gregjrutherford,Directed,2077,,1
bethtweddlenews,jempin515,Directed,2078,,1
bethtweddlenews,hannahkwhelan,Directed,2079,,1
jempin515,louissmith1989,Directed,2080,,1
jempin515,danusiafrancis,Directed,2081,,1
jempin515,bgmediateam,Directed,2082,,1
jempin515,officialfig,Directed,2083,,1
jempin515,hannahkwhelan,Directed,2084,,1
hannahkwhelan,louissmith1989,Directed,2085,,1
hannahkwhelan,danusiafrancis,Directed,2086,,1
hannahkwhelan,bgmediateam,Directed,2087,,1
hannahkwhelan,bethtweddlenews,Directed,2088,,1
hannahkwhelan,jempin515,Directed,2089,,1
britishgym,danusiafrancis,Directed,2090,,1
britishgym,bgmediateam,Directed,2091,,1
britishgym,officialfig,Directed,2092,,1
britishgym,jempin515,Directed,2093,,1
britishgym,hannahkwhelan,Directed,2094,,1
olivia_federici,synchroks,Directed,2095,,1
olivia_federici,jennartweets,Directed,2096,,1
olivia_federici,vickilucass,Directed,2097,,1
olivia_federici,jknobbs,Directed,2098,,1
olivia_federici,yvettebaker91,Directed,2099,,1
synchroloz,jennartweets,Directed,2100,,1
synchroloz,vickilucass,Directed,2101,,1
synchroloz,jknobbs,Directed,2102,,1
synchroloz,yvettebaker91,Directed,2103,,1
synchroloz,olivia_federici,Directed,2104,,1
bloomy181,jessvarnish,Directed,2105,,1
bloomy181,liamphillips65,Directed,2106,,1
bloomy181,davedaniell,Directed,2107,,1
bloomy181,philip_hindes,Directed,2108,,1
bloomy181,lewis_oliva,Directed,2109,,1
lewis_oliva,jessvarnish,Directed,2110,,1
lewis_oliva,liamphillips65,Directed,2111,,1
lewis_oliva,davedaniell,Directed,2112,,1
lewis_oliva,philip_hindes,Directed,2113,,1
lewis_oliva,bloomy181,Directed,2114,,1
louisehazel,shakesdrayton,Directed,2115,,1
louisehazel,andyturner110h,Directed,2116,,1
louisehazel,katedennison,Directed,2117,,1
louisehazel,gregjrutherford,Directed,2118,,1
louisehazel,martynrooney,Directed,2119,,1
badaust,gabbywhite011,Directed,2120,,1
badaust,nath_robertson,Directed,2121,,1
badaust,scott_evans1,Directed,2122,,1
badaust,mariana251,Directed,2123,,1
badaust,jesshopton1,Directed,2124,,1
caitmcclatchey,mrgrantturner,Directed,2125,,1
caitmcclatchey,roberto_pavoni,Directed,2126,,1
caitmcclatchey,jamesgoddard83,Directed,2127,,1
caitmcclatchey,swimmerross,Directed,2128,,1
caitmcclatchey,joannejackson86,Directed,2129,,1
rachvanderwal,chan2211,Directed,2130,,1
rachvanderwal,engbasketball,Directed,2131,,1
rachvanderwal,juliepage10,Directed,2132,,1
rachvanderwal,popsmbonsu,Directed,2133,,1
rachvanderwal,basketballscot,Directed,2134,,1
engbasketball,rachvanderwal,Directed,2135,,1
engbasketball,gbbasketball,Directed,2136,,1
engbasketball,basketballscot,Directed,2137,,1
engbasketball,fiba,Directed,2138,,1
engbasketball,devonvanoostrum,Directed,2139,,1
juliepage10,rachvanderwal,Directed,2140,,1
juliepage10,engbasketball,Directed,2141,,1
juliepage10,popsmbonsu,Directed,2142,,1
juliepage10,gbbasketball,Directed,2143,,1
juliepage10,basketballscot,Directed,2144,,1
luoldeng9,rachvanderwal,Directed,2145,,1
luoldeng9,engbasketball,Directed,2146,,1
luoldeng9,juliepage10,Directed,2147,,1
luoldeng9,popsmbonsu,Directed,2148,,1
luoldeng9,devonvanoostrum,Directed,2149,,1
natereinking12,chan2211,Directed,2150,,1
natereinking12,rachvanderwal,Directed,2151,,1
natereinking12,juliepage10,Directed,2152,,1
natereinking12,luoldeng9,Directed,2153,,1
natereinking12,popsmbonsu,Directed,2154,,1
popsmbonsu,rachvanderwal,Directed,2155,,1
popsmbonsu,juliepage10,Directed,2156,,1
popsmbonsu,luoldeng9,Directed,2157,,1
popsmbonsu,gbbasketball,Directed,2158,,1
popsmbonsu,devonvanoostrum,Directed,2159,,1
gbbasketball,engbasketball,Directed,2160,,1
gbbasketball,juliepage10,Directed,2161,,1
gbbasketball,popsmbonsu,Directed,2162,,1
gbbasketball,basketballscot,Directed,2163,,1
gbbasketball,fiba,Directed,2164,,1
basketballscot,engbasketball,Directed,2165,,1
basketballscot,juliepage10,Directed,2166,,1
basketballscot,popsmbonsu,Directed,2167,,1
basketballscot,fiba,Directed,2168,,1
basketballscot,devonvanoostrum,Directed,2169,,1
fiba,engbasketball,Directed,2170,,1
fiba,popsmbonsu,Directed,2171,,1
fiba,gbbasketball,Directed,2172,,1
fiba,basketballscot,Directed,2173,,1
fiba,englandbball,Directed,2174,,1
englandbball,engbasketball,Directed,2175,,1
englandbball,popsmbonsu,Directed,2176,,1
englandbball,gbbasketball,Directed,2177,,1
englandbball,basketballscot,Directed,2178,,1
englandbball,fiba,Directed,2179,,1
devonvanoostrum,engbasketball,Directed,2180,,1
devonvanoostrum,luoldeng9,Directed,2181,,1
devonvanoostrum,popsmbonsu,Directed,2182,,1
devonvanoostrum,basketballscot,Directed,2183,,1
devonvanoostrum,fiba,Directed,2184,,1
johnmacleary,chris_boardman,Directed,2185,,1
johnmacleary,joannarowsell,Directed,2186,,1
johnmacleary,bcreports,Directed,2187,,1
johnmacleary,swiftybswift,Directed,2188,,1
johnmacleary,petekennaugh,Directed,2189,,1
bcreports,chris_boardman,Directed,2190,,1
bcreports,joannarowsell,Directed,2191,,1
bcreports,johnmacleary,Directed,2192,,1
bcreports,swiftybswift,Directed,2193,,1
bcreports,geraintthomas86,Directed,2194,,1
swiftybswift,chris_boardman,Directed,2195,,1
swiftybswift,tennanto,Directed,2196,,1
swiftybswift,stevenburke88,Directed,2197,,1
swiftybswift,bcreports,Directed,2198,,1
swiftybswift,petekennaugh,Directed,2199,,1
nwilson79pistol,katylivo,Directed,2200,,1
nwilson79pistol,daigreene,Directed,2201,,1
nwilson79pistol,gorgsgeikie,Directed,2202,,1
nwilson79pistol,bengregz,Directed,2203,,1
nwilson79pistol,gregjrutherford,Directed,2204,,1
harrymartin_9,jontyclarke,Directed,2205,,1
harrymartin_9,jfair25,Directed,2206,,1
harrymartin_9,aliwilson17,Directed,2207,,1
harrymartin_9,iainlewers,Directed,2208,,1
harrymartin_9,adamdixon16,Directed,2209,,1
petekennaugh,tennanto,Directed,2210,,1
petekennaugh,stevenburke88,Directed,2211,,1
petekennaugh,johnmacleary,Directed,2212,,1
petekennaugh,swiftybswift,Directed,2213,,1
petekennaugh,geraintthomas86,Directed,2214,,1
lanibelcher,hayleigh_mason,Directed,2215,,1
lanibelcher,jboyton,Directed,2216,,1
lanibelcher,rachelcawthorn,Directed,2217,,1
lanibelcher,pdarbydowman,Directed,2218,,1
lanibelcher,jessicawalker10,Directed,2219,,1
louisasawers,hayleigh_mason,Directed,2220,,1
louisasawers,edmckeever,Directed,2221,,1
louisasawers,jboyton,Directed,2222,,1
louisasawers,rachelcawthorn,Directed,2223,,1
louisasawers,jessicawalker10,Directed,2224,,1
geraintthomas86,bradwiggins,Directed,2225,,1
geraintthomas86,chrishoy,Directed,2226,,1
geraintthomas86,joannarowsell,Directed,2227,,1
geraintthomas86,swiftybswift,Directed,2228,,1
geraintthomas86,petekennaugh,Directed,2229,,1
mo_farah,goldiesayers,Directed,2230,,1
mo_farah,j_ennis,Directed,2231,,1
mo_farah,hollybleasdale,Directed,2232,,1
mo_farah,martynrooney,Directed,2233,,1
mo_farah,damekellyholmes,Directed,2234,,1
biancaw_tkd,sarahdstevenson,Directed,2235,,1
biancaw_tkd,jadejonestkd,Directed,2236,,1
biancaw_tkd,teamgbtaekwondo,Directed,2237,,1
biancaw_tkd,gr1zzotkd,Directed,2238,,1
biancaw_tkd,mstamper_tkd,Directed,2239,,1
sarahdstevenson,biancaw_tkd,Directed,2240,,1
sarahdstevenson,jadejonestkd,Directed,2241,,1
sarahdstevenson,teamgbtaekwondo,Directed,2242,,1
sarahdstevenson,gr1zzotkd,Directed,2243,,1
sarahdstevenson,mstamper_tkd,Directed,2244,,1
aaroncooktkd,biancaw_tkd,Directed,2245,,1
aaroncooktkd,sarahdstevenson,Directed,2246,,1
aaroncooktkd,jadejonestkd,Directed,2247,,1
aaroncooktkd,gr1zzotkd,Directed,2248,,1
aaroncooktkd,mstamper_tkd,Directed,2249,,1
jadejonestkd,biancaw_tkd,Directed,2250,,1
jadejonestkd,sarahdstevenson,Directed,2251,,1
jadejonestkd,teamgbtaekwondo,Directed,2252,,1
jadejonestkd,gr1zzotkd,Directed,2253,,1
jadejonestkd,mstamper_tkd,Directed,2254,,1
teamgbtaekwondo,biancaw_tkd,Directed,2255,,1
teamgbtaekwondo,sarahdstevenson,Directed,2256,,1
teamgbtaekwondo,jadejonestkd,Directed,2257,,1
teamgbtaekwondo,gr1zzotkd,Directed,2258,,1
teamgbtaekwondo,mstamper_tkd,Directed,2259,,1
gr1zzotkd,biancaw_tkd,Directed,2260,,1
gr1zzotkd,sarahdstevenson,Directed,2261,,1
gr1zzotkd,jadejonestkd,Directed,2262,,1
gr1zzotkd,teamgbtaekwondo,Directed,2263,,1
gr1zzotkd,mstamper_tkd,Directed,2264,,1
mstamper_tkd,biancaw_tkd,Directed,2265,,1
mstamper_tkd,sarahdstevenson,Directed,2266,,1
mstamper_tkd,jadejonestkd,Directed,2267,,1
mstamper_tkd,teamgbtaekwondo,Directed,2268,,1
mstamper_tkd,gr1zzotkd,Directed,2269,,1
ashleyjackson7,jfair25,Directed,2270,,1
ashleyjackson7,aliwilson17,Directed,2271,,1
ashleyjackson7,iainlewers,Directed,2272,,1
ashleyjackson7,benhawes14,Directed,2273,,1
ashleyjackson7,adamdixon16,Directed,2274,,1
menshockey2012,richm6,Directed,2275,,1
menshockey2012,niallstott16,Directed,2276,,1
menshockey2012,andyhalliday3,Directed,2277,,1
menshockey2012,aliwilson17,Directed,2278,,1
menshockey2012,iainlewers,Directed,2279,,1
vicbowen,chloewilcox86,Directed,2280,,1
vicbowen,robyn_nicholls,Directed,2281,,1
vicbowen,jaddsmith,Directed,2282,,1
vicbowen,francescasnell,Directed,2283,,1
vicbowen,rosiemorris86,Directed,2284,,1
francescasnell,chloewilcox86,Directed,2285,,1
francescasnell,angiewsmith10,Directed,2286,,1
francescasnell,ec93,Directed,2287,,1
francescasnell,robyn_nicholls,Directed,2288,,1
francescasnell,vicbowen,Directed,2289,,1
rosiemorris86,chloewilcox86,Directed,2290,,1
rosiemorris86,angiewsmith10,Directed,2291,,1
rosiemorris86,robyn_nicholls,Directed,2292,,1
rosiemorris86,vicbowen,Directed,2293,,1
rosiemorris86,francescasnell,Directed,2294,,1
itfprocircuit,venuseswilliams,Directed,2295,,1
itfprocircuit,elenabaltacha,Directed,2296,,1
itfprocircuit,clijsterskim,Directed,2297,,1
itfprocircuit,britishtennis,Directed,2298,,1
itfprocircuit,verazvonareva,Directed,2299,,1
edclancynews,liamphillips65,Directed,2300,,1
edclancynews,davedaniell,Directed,2301,,1
edclancynews,tennanto,Directed,2302,,1
edclancynews,stevenburke88,Directed,2303,,1
edclancynews,petekennaugh,Directed,2304,,1
sonnywebstergb,gbhandball_mh20,Directed,2305,,1
sonnywebstergb,dariusknight,Directed,2306,,1
sonnywebstergb,liampitchford,Directed,2307,,1
sonnywebstergb,sible2109,Directed,2308,,1
sonnywebstergb,jadejonestkd,Directed,2309,,1
verazvonareva,elenabaltacha,Directed,2310,,1
verazvonareva,clijsterskim,Directed,2311,,1
verazvonareva,stanwawrinka,Directed,2312,,1
verazvonareva,britishtennis,Directed,2313,,1
verazvonareva,itfprocircuit,Directed,2314,,1
justine_henin,clijsterskim,Directed,2315,,1
justine_henin,stanwawrinka,Directed,2316,,1
justine_henin,gael_monfils,Directed,2317,,1
justine_henin,tsonga7,Directed,2318,,1
justine_henin,verazvonareva,Directed,2319,,1
